business_id,business_type,date,source_category,activity,amount,unit,emission_factor,emissions_kgCO2e,scope
B0001,Bakery,2024-01,electricity,electricity_consumption,2022.0,kWh,0.508,1027.176,Scope 2
B0001,Bakery,2024-01,electricity,electricity_consumption,264.0,kWh,0.75,198.0,Scope 2
B0001,Bakery,2024-02,electricity,electricity_consumption,2152.0,kWh,0.508,1093.216,Scope 2
B0001,Bakery,2024-02,electricity,electricity_consumption,544.0,kWh,0.75,408.0,Scope 2
B0001,Bakery,2024-03,electricity,electricity_consumption,2128.0,kWh,0.508,1081.024,Scope 2
B0001,Bakery,2024-03,electricity,electricity_consumption,811.0,kWh,0.75,608.25,Scope 2
B0001,Bakery,2024-04,electricity,electricity_consumption,2473.0,kWh,0.508,1256.284,Scope 2
B0001,Bakery,2024-04,electricity,electricity_consumption,291.0,kWh,0.75,218.25,Scope 2
B0001,Bakery,2024-05,electricity,electricity_consumption,2422.0,kWh,0.508,1230.376,Scope 2
B0001,Bakery,2024-05,electricity,electricity_consumption,500.0,kWh,0.75,375.0,Scope 2
B0001,Bakery,2024-06,electricity,electricity_consumption,1623.0,kWh,0.508,824.484,Scope 2
B0001,Bakery,2024-06,electricity,electricity_consumption,262.0,kWh,0.75,196.5,Scope 2
B0001,Bakery,2024-07,electricity,electricity_consumption,2171.0,kWh,0.508,1102.868,Scope 2
B0001,Bakery,2024-07,electricity,electricity_consumption,437.0,kWh,0.75,327.75,Scope 2
B0001,Bakery,2024-08,electricity,electricity_consumption,1459.0,kWh,0.508,741.172,Scope 2
B0001,Bakery,2024-08,electricity,electricity_consumption,299.0,kWh,0.75,224.25,Scope 2
B0001,Bakery,2024-09,electricity,electricity_consumption,1769.0,kWh,0.508,898.652,Scope 2
B0001,Bakery,2024-09,electricity,electricity_consumption,453.0,kWh,0.75,339.75,Scope 2
B0001,Bakery,2024-10,electricity,electricity_consumption,2066.0,kWh,0.508,1049.528,Scope 2
B0001,Bakery,2024-10,electricity,electricity_consumption,819.0,kWh,0.75,614.25,Scope 2
B0001,Bakery,2024-11,electricity,electricity_consumption,1260.0,kWh,0.508,640.08,Scope 2
B0001,Bakery,2024-11,electricity,electricity_consumption,165.0,kWh,0.75,123.75,Scope 2
B0001,Bakery,2024-12,electricity,electricity_consumption,1949.0,kWh,0.508,990.092,Scope 2
B0001,Bakery,2024-12,electricity,electricity_consumption,205.0,kWh,0.75,153.75,Scope 2
B0002,Bakery,2024-01,electricity,electricity_consumption,2304.0,kWh,0.508,1170.432,Scope 2
B0002,Bakery,2024-01,electricity,electricity_consumption,469.0,kWh,0.75,351.75,Scope 2
B0002,Bakery,2024-02,electricity,electricity_consumption,2230.0,kWh,0.508,1132.84,Scope 2
B0002,Bakery,2024-02,electricity,electricity_consumption,483.0,kWh,0.75,362.25,Scope 2
B0002,Bakery,2024-03,electricity,electricity_consumption,2114.0,kWh,0.508,1073.912,Scope 2
B0002,Bakery,2024-03,electricity,electricity_consumption,270.0,kWh,0.75,202.5,Scope 2
B0002,Bakery,2024-04,electricity,electricity_consumption,1440.0,kWh,0.508,731.52,Scope 2
B0002,Bakery,2024-04,electricity,electricity_consumption,481.0,kWh,0.75,360.75,Scope 2
B0002,Bakery,2024-05,electricity,electricity_consumption,1485.0,kWh,0.508,754.38,Scope 2
B0002,Bakery,2024-05,electricity,electricity_consumption,575.0,kWh,0.75,431.25,Scope 2
B0002,Bakery,2024-06,electricity,electricity_consumption,1528.0,kWh,0.508,776.224,Scope 2
B0002,Bakery,2024-06,electricity,electricity_consumption,311.0,kWh,0.75,233.25,Scope 2
B0002,Bakery,2024-07,electricity,electricity_consumption,2437.0,kWh,0.508,1237.996,Scope 2
B0002,Bakery,2024-07,electricity,electricity_consumption,243.0,kWh,0.75,182.25,Scope 2
B0002,Bakery,2024-08,electricity,electricity_consumption,1209.0,kWh,0.508,614.172,Scope 2
B0002,Bakery,2024-08,electricity,electricity_consumption,197.0,kWh,0.75,147.75,Scope 2
B0002,Bakery,2024-09,electricity,electricity_consumption,2250.0,kWh,0.508,1143.0,Scope 2
B0002,Bakery,2024-09,electricity,electricity_consumption,359.0,kWh,0.75,269.25,Scope 2
B0002,Bakery,2024-10,electricity,electricity_consumption,1469.0,kWh,0.508,746.2520000000001,Scope 2
B0002,Bakery,2024-10,electricity,electricity_consumption,421.0,kWh,0.75,315.75,Scope 2
B0002,Bakery,2024-11,electricity,electricity_consumption,2405.0,kWh,0.508,1221.74,Scope 2
B0002,Bakery,2024-11,electricity,electricity_consumption,289.0,kWh,0.75,216.75,Scope 2
B0002,Bakery,2024-12,electricity,electricity_consumption,2090.0,kWh,0.508,1061.72,Scope 2
B0002,Bakery,2024-12,electricity,electricity_consumption,645.0,kWh,0.75,483.75,Scope 2
B0003,Bakery,2024-01,electricity,electricity_consumption,2500.0,kWh,0.508,1270.0,Scope 2
B0003,Bakery,2024-01,electricity,electricity_consumption,320.0,kWh,0.75,240.0,Scope 2
B0003,Bakery,2024-02,electricity,electricity_consumption,1324.0,kWh,0.508,672.592,Scope 2
B0003,Bakery,2024-02,electricity,electricity_consumption,387.0,kWh,0.75,290.25,Scope 2
B0003,Bakery,2024-03,electricity,electricity_consumption,1958.0,kWh,0.508,994.664,Scope 2
B0003,Bakery,2024-03,electricity,electricity_consumption,303.0,kWh,0.75,227.25,Scope 2
B0003,Bakery,2024-04,electricity,electricity_consumption,2247.0,kWh,0.508,1141.476,Scope 2
B0003,Bakery,2024-04,electricity,electricity_consumption,658.0,kWh,0.75,493.5,Scope 2
B0003,Bakery,2024-05,electricity,electricity_consumption,1612.0,kWh,0.508,818.896,Scope 2
B0003,Bakery,2024-05,electricity,electricity_consumption,441.0,kWh,0.75,330.75,Scope 2
B0003,Bakery,2024-06,electricity,electricity_consumption,1238.0,kWh,0.508,628.904,Scope 2
B0003,Bakery,2024-06,electricity,electricity_consumption,129.0,kWh,0.75,96.75,Scope 2
B0003,Bakery,2024-07,electricity,electricity_consumption,2436.0,kWh,0.508,1237.488,Scope 2
B0003,Bakery,2024-07,electricity,electricity_consumption,702.0,kWh,0.75,526.5,Scope 2
B0003,Bakery,2024-08,electricity,electricity_consumption,1349.0,kWh,0.508,685.292,Scope 2
B0003,Bakery,2024-08,electricity,electricity_consumption,164.0,kWh,0.75,123.0,Scope 2
B0003,Bakery,2024-09,electricity,electricity_consumption,2315.0,kWh,0.508,1176.02,Scope 2
B0003,Bakery,2024-09,electricity,electricity_consumption,819.0,kWh,0.75,614.25,Scope 2
B0003,Bakery,2024-10,electricity,electricity_consumption,2314.0,kWh,0.508,1175.512,Scope 2
B0003,Bakery,2024-10,electricity,electricity_consumption,524.0,kWh,0.75,393.0,Scope 2
B0003,Bakery,2024-11,electricity,electricity_consumption,1348.0,kWh,0.508,684.784,Scope 2
B0003,Bakery,2024-11,electricity,electricity_consumption,383.0,kWh,0.75,287.25,Scope 2
B0003,Bakery,2024-12,electricity,electricity_consumption,1803.0,kWh,0.508,915.924,Scope 2
B0003,Bakery,2024-12,electricity,electricity_consumption,352.0,kWh,0.75,264.0,Scope 2
B0004,Bakery,2024-01,electricity,electricity_consumption,1241.0,kWh,0.508,630.428,Scope 2
B0004,Bakery,2024-01,electricity,electricity_consumption,405.0,kWh,0.75,303.75,Scope 2
B0004,Bakery,2024-02,electricity,electricity_consumption,2398.0,kWh,0.508,1218.184,Scope 2
B0004,Bakery,2024-02,electricity,electricity_consumption,948.0,kWh,0.75,711.0,Scope 2
B0004,Bakery,2024-03,electricity,electricity_consumption,2421.0,kWh,0.508,1229.868,Scope 2
B0004,Bakery,2024-03,electricity,electricity_consumption,940.0,kWh,0.75,705.0,Scope 2
B0004,Bakery,2024-04,electricity,electricity_consumption,2214.0,kWh,0.508,1124.712,Scope 2
B0004,Bakery,2024-04,electricity,electricity_consumption,668.0,kWh,0.75,501.0,Scope 2
B0004,Bakery,2024-05,electricity,electricity_consumption,1451.0,kWh,0.508,737.1080000000001,Scope 2
B0004,Bakery,2024-05,electricity,electricity_consumption,291.0,kWh,0.75,218.25,Scope 2
B0004,Bakery,2024-06,electricity,electricity_consumption,1605.0,kWh,0.508,815.34,Scope 2
B0004,Bakery,2024-06,electricity,electricity_consumption,174.0,kWh,0.75,130.5,Scope 2
B0004,Bakery,2024-07,electricity,electricity_consumption,2251.0,kWh,0.508,1143.508,Scope 2
B0004,Bakery,2024-07,electricity,electricity_consumption,512.0,kWh,0.75,384.0,Scope 2
B0004,Bakery,2024-08,electricity,electricity_consumption,2079.0,kWh,0.508,1056.132,Scope 2
B0004,Bakery,2024-08,electricity,electricity_consumption,430.0,kWh,0.75,322.5,Scope 2
B0004,Bakery,2024-09,electricity,electricity_consumption,2154.0,kWh,0.508,1094.232,Scope 2
B0004,Bakery,2024-09,electricity,electricity_consumption,490.0,kWh,0.75,367.5,Scope 2
B0004,Bakery,2024-10,electricity,electricity_consumption,1843.0,kWh,0.508,936.244,Scope 2
B0004,Bakery,2024-10,electricity,electricity_consumption,479.0,kWh,0.75,359.25,Scope 2
B0004,Bakery,2024-11,electricity,electricity_consumption,2049.0,kWh,0.508,1040.892,Scope 2
B0004,Bakery,2024-11,electricity,electricity_consumption,342.0,kWh,0.75,256.5,Scope 2
B0004,Bakery,2024-12,electricity,electricity_consumption,1868.0,kWh,0.508,948.944,Scope 2
B0004,Bakery,2024-12,electricity,electricity_consumption,695.0,kWh,0.75,521.25,Scope 2
B0005,Bakery,2024-01,electricity,electricity_consumption,2264.0,kWh,0.508,1150.112,Scope 2
B0005,Bakery,2024-01,electricity,electricity_consumption,379.0,kWh,0.75,284.25,Scope 2
B0005,Bakery,2024-02,electricity,electricity_consumption,1645.0,kWh,0.508,835.66,Scope 2
B0005,Bakery,2024-02,electricity,electricity_consumption,314.0,kWh,0.75,235.5,Scope 2
B0005,Bakery,2024-03,electricity,electricity_consumption,2070.0,kWh,0.508,1051.56,Scope 2
B0005,Bakery,2024-03,electricity,electricity_consumption,813.0,kWh,0.75,609.75,Scope 2
B0005,Bakery,2024-04,electricity,electricity_consumption,1576.0,kWh,0.508,800.6080000000001,Scope 2
B0005,Bakery,2024-04,electricity,electricity_consumption,526.0,kWh,0.75,394.5,Scope 2
B0005,Bakery,2024-05,electricity,electricity_consumption,1275.0,kWh,0.508,647.7,Scope 2
B0005,Bakery,2024-05,electricity,electricity_consumption,361.0,kWh,0.75,270.75,Scope 2
B0005,Bakery,2024-06,electricity,electricity_consumption,2293.0,kWh,0.508,1164.844,Scope 2
B0005,Bakery,2024-06,electricity,electricity_consumption,353.0,kWh,0.75,264.75,Scope 2
B0005,Bakery,2024-07,electricity,electricity_consumption,2498.0,kWh,0.508,1268.984,Scope 2
B0005,Bakery,2024-07,electricity,electricity_consumption,664.0,kWh,0.75,498.0,Scope 2
B0005,Bakery,2024-08,electricity,electricity_consumption,1648.0,kWh,0.508,837.184,Scope 2
B0005,Bakery,2024-08,electricity,electricity_consumption,249.0,kWh,0.75,186.75,Scope 2
B0005,Bakery,2024-09,electricity,electricity_consumption,2046.0,kWh,0.508,1039.368,Scope 2
B0005,Bakery,2024-09,electricity,electricity_consumption,647.0,kWh,0.75,485.25,Scope 2
B0005,Bakery,2024-10,electricity,electricity_consumption,1819.0,kWh,0.508,924.052,Scope 2
B0005,Bakery,2024-10,electricity,electricity_consumption,651.0,kWh,0.75,488.25,Scope 2
B0005,Bakery,2024-11,electricity,electricity_consumption,2348.0,kWh,0.508,1192.784,Scope 2
B0005,Bakery,2024-11,electricity,electricity_consumption,510.0,kWh,0.75,382.5,Scope 2
B0005,Bakery,2024-12,electricity,electricity_consumption,2317.0,kWh,0.508,1177.036,Scope 2
B0005,Bakery,2024-12,electricity,electricity_consumption,254.0,kWh,0.75,190.5,Scope 2
B0006,Bakery,2024-01,electricity,electricity_consumption,1393.0,kWh,0.508,707.644,Scope 2
B0006,Bakery,2024-01,electricity,electricity_consumption,364.0,kWh,0.75,273.0,Scope 2
B0006,Bakery,2024-02,electricity,electricity_consumption,1721.0,kWh,0.508,874.268,Scope 2
B0006,Bakery,2024-02,electricity,electricity_consumption,444.0,kWh,0.75,333.0,Scope 2
B0006,Bakery,2024-03,electricity,electricity_consumption,2318.0,kWh,0.508,1177.544,Scope 2
B0006,Bakery,2024-03,electricity,electricity_consumption,385.0,kWh,0.75,288.75,Scope 2
B0006,Bakery,2024-04,electricity,electricity_consumption,2333.0,kWh,0.508,1185.164,Scope 2
B0006,Bakery,2024-04,electricity,electricity_consumption,817.0,kWh,0.75,612.75,Scope 2
B0006,Bakery,2024-05,electricity,electricity_consumption,1845.0,kWh,0.508,937.26,Scope 2
B0006,Bakery,2024-05,electricity,electricity_consumption,425.0,kWh,0.75,318.75,Scope 2
B0006,Bakery,2024-06,electricity,electricity_consumption,2092.0,kWh,0.508,1062.736,Scope 2
B0006,Bakery,2024-06,electricity,electricity_consumption,395.0,kWh,0.75,296.25,Scope 2
B0006,Bakery,2024-07,electricity,electricity_consumption,2469.0,kWh,0.508,1254.252,Scope 2
B0006,Bakery,2024-07,electricity,electricity_consumption,341.0,kWh,0.75,255.75,Scope 2
B0006,Bakery,2024-08,electricity,electricity_consumption,1882.0,kWh,0.508,956.056,Scope 2
B0006,Bakery,2024-08,electricity,electricity_consumption,213.0,kWh,0.75,159.75,Scope 2
B0006,Bakery,2024-09,electricity,electricity_consumption,1739.0,kWh,0.508,883.412,Scope 2
B0006,Bakery,2024-09,electricity,electricity_consumption,440.0,kWh,0.75,330.0,Scope 2
B0006,Bakery,2024-10,electricity,electricity_consumption,1334.0,kWh,0.508,677.672,Scope 2
B0006,Bakery,2024-10,electricity,electricity_consumption,316.0,kWh,0.75,237.0,Scope 2
B0006,Bakery,2024-11,electricity,electricity_consumption,1943.0,kWh,0.508,987.044,Scope 2
B0006,Bakery,2024-11,electricity,electricity_consumption,539.0,kWh,0.75,404.25,Scope 2
B0006,Bakery,2024-12,electricity,electricity_consumption,1869.0,kWh,0.508,949.452,Scope 2
B0006,Bakery,2024-12,electricity,electricity_consumption,393.0,kWh,0.75,294.75,Scope 2
B0007,Bakery,2024-01,electricity,electricity_consumption,2044.0,kWh,0.508,1038.352,Scope 2
B0007,Bakery,2024-01,electricity,electricity_consumption,700.0,kWh,0.75,525.0,Scope 2
B0007,Bakery,2024-02,electricity,electricity_consumption,1517.0,kWh,0.508,770.636,Scope 2
B0007,Bakery,2024-02,electricity,electricity_consumption,538.0,kWh,0.75,403.5,Scope 2
B0007,Bakery,2024-03,electricity,electricity_consumption,2199.0,kWh,0.508,1117.092,Scope 2
B0007,Bakery,2024-03,electricity,electricity_consumption,348.0,kWh,0.75,261.0,Scope 2
B0007,Bakery,2024-04,electricity,electricity_consumption,1406.0,kWh,0.508,714.248,Scope 2
B0007,Bakery,2024-04,electricity,electricity_consumption,208.0,kWh,0.75,156.0,Scope 2
B0007,Bakery,2024-05,electricity,electricity_consumption,2230.0,kWh,0.508,1132.84,Scope 2
B0007,Bakery,2024-05,electricity,electricity_consumption,796.0,kWh,0.75,597.0,Scope 2
B0007,Bakery,2024-06,electricity,electricity_consumption,1707.0,kWh,0.508,867.1560000000001,Scope 2
B0007,Bakery,2024-06,electricity,electricity_consumption,203.0,kWh,0.75,152.25,Scope 2
B0007,Bakery,2024-07,electricity,electricity_consumption,1534.0,kWh,0.508,779.272,Scope 2
B0007,Bakery,2024-07,electricity,electricity_consumption,418.0,kWh,0.75,313.5,Scope 2
B0007,Bakery,2024-08,electricity,electricity_consumption,1887.0,kWh,0.508,958.596,Scope 2
B0007,Bakery,2024-08,electricity,electricity_consumption,650.0,kWh,0.75,487.5,Scope 2
B0007,Bakery,2024-09,electricity,electricity_consumption,1302.0,kWh,0.508,661.416,Scope 2
B0007,Bakery,2024-09,electricity,electricity_consumption,512.0,kWh,0.75,384.0,Scope 2
B0007,Bakery,2024-10,electricity,electricity_consumption,1317.0,kWh,0.508,669.0360000000001,Scope 2
B0007,Bakery,2024-10,electricity,electricity_consumption,197.0,kWh,0.75,147.75,Scope 2
B0007,Bakery,2024-11,electricity,electricity_consumption,1665.0,kWh,0.508,845.82,Scope 2
B0007,Bakery,2024-11,electricity,electricity_consumption,166.0,kWh,0.75,124.5,Scope 2
B0007,Bakery,2024-12,electricity,electricity_consumption,1842.0,kWh,0.508,935.736,Scope 2
B0007,Bakery,2024-12,electricity,electricity_consumption,478.0,kWh,0.75,358.5,Scope 2
B0008,Bakery,2024-01,electricity,electricity_consumption,2159.0,kWh,0.508,1096.772,Scope 2
B0008,Bakery,2024-01,electricity,electricity_consumption,344.0,kWh,0.75,258.0,Scope 2
B0008,Bakery,2024-02,electricity,electricity_consumption,2167.0,kWh,0.508,1100.836,Scope 2
B0008,Bakery,2024-02,electricity,electricity_consumption,325.0,kWh,0.75,243.75,Scope 2
B0008,Bakery,2024-03,electricity,electricity_consumption,2418.0,kWh,0.508,1228.344,Scope 2
B0008,Bakery,2024-03,electricity,electricity_consumption,862.0,kWh,0.75,646.5,Scope 2
B0008,Bakery,2024-04,electricity,electricity_consumption,1830.0,kWh,0.508,929.64,Scope 2
B0008,Bakery,2024-04,electricity,electricity_consumption,526.0,kWh,0.75,394.5,Scope 2
B0008,Bakery,2024-05,electricity,electricity_consumption,1451.0,kWh,0.508,737.1080000000001,Scope 2
B0008,Bakery,2024-05,electricity,electricity_consumption,483.0,kWh,0.75,362.25,Scope 2
B0008,Bakery,2024-06,electricity,electricity_consumption,2396.0,kWh,0.508,1217.168,Scope 2
B0008,Bakery,2024-06,electricity,electricity_consumption,660.0,kWh,0.75,495.0,Scope 2
B0008,Bakery,2024-07,electricity,electricity_consumption,2205.0,kWh,0.508,1120.14,Scope 2
B0008,Bakery,2024-07,electricity,electricity_consumption,733.0,kWh,0.75,549.75,Scope 2
B0008,Bakery,2024-08,electricity,electricity_consumption,2401.0,kWh,0.508,1219.708,Scope 2
B0008,Bakery,2024-08,electricity,electricity_consumption,582.0,kWh,0.75,436.5,Scope 2
B0008,Bakery,2024-09,electricity,electricity_consumption,2202.0,kWh,0.508,1118.616,Scope 2
B0008,Bakery,2024-09,electricity,electricity_consumption,753.0,kWh,0.75,564.75,Scope 2
B0008,Bakery,2024-10,electricity,electricity_consumption,1615.0,kWh,0.508,820.42,Scope 2
B0008,Bakery,2024-10,electricity,electricity_consumption,320.0,kWh,0.75,240.0,Scope 2
B0008,Bakery,2024-11,electricity,electricity_consumption,2425.0,kWh,0.508,1231.9,Scope 2
B0008,Bakery,2024-11,electricity,electricity_consumption,807.0,kWh,0.75,605.25,Scope 2
B0008,Bakery,2024-12,electricity,electricity_consumption,2111.0,kWh,0.508,1072.388,Scope 2
B0008,Bakery,2024-12,electricity,electricity_consumption,663.0,kWh,0.75,497.25,Scope 2
B0009,Bakery,2024-01,electricity,electricity_consumption,1829.0,kWh,0.508,929.132,Scope 2
B0009,Bakery,2024-01,electricity,electricity_consumption,557.0,kWh,0.75,417.75,Scope 2
B0009,Bakery,2024-02,electricity,electricity_consumption,1473.0,kWh,0.508,748.284,Scope 2
B0009,Bakery,2024-02,electricity,electricity_consumption,318.0,kWh,0.75,238.5,Scope 2
B0009,Bakery,2024-03,electricity,electricity_consumption,1502.0,kWh,0.508,763.016,Scope 2
B0009,Bakery,2024-03,electricity,electricity_consumption,512.0,kWh,0.75,384.0,Scope 2
B0009,Bakery,2024-04,electricity,electricity_consumption,1539.0,kWh,0.508,781.812,Scope 2
B0009,Bakery,2024-04,electricity,electricity_consumption,569.0,kWh,0.75,426.75,Scope 2
B0009,Bakery,2024-05,electricity,electricity_consumption,2156.0,kWh,0.508,1095.248,Scope 2
B0009,Bakery,2024-05,electricity,electricity_consumption,800.0,kWh,0.75,600.0,Scope 2
B0009,Bakery,2024-06,electricity,electricity_consumption,1214.0,kWh,0.508,616.712,Scope 2
B0009,Bakery,2024-06,electricity,electricity_consumption,124.0,kWh,0.75,93.0,Scope 2
B0009,Bakery,2024-07,electricity,electricity_consumption,1547.0,kWh,0.508,785.876,Scope 2
B0009,Bakery,2024-07,electricity,electricity_consumption,255.0,kWh,0.75,191.25,Scope 2
B0009,Bakery,2024-08,electricity,electricity_consumption,1937.0,kWh,0.508,983.996,Scope 2
B0009,Bakery,2024-08,electricity,electricity_consumption,585.0,kWh,0.75,438.75,Scope 2
B0009,Bakery,2024-09,electricity,electricity_consumption,1358.0,kWh,0.508,689.864,Scope 2
B0009,Bakery,2024-09,electricity,electricity_consumption,143.0,kWh,0.75,107.25,Scope 2
B0009,Bakery,2024-10,electricity,electricity_consumption,1485.0,kWh,0.508,754.38,Scope 2
B0009,Bakery,2024-10,electricity,electricity_consumption,247.0,kWh,0.75,185.25,Scope 2
B0009,Bakery,2024-11,electricity,electricity_consumption,2348.0,kWh,0.508,1192.784,Scope 2
B0009,Bakery,2024-11,electricity,electricity_consumption,364.0,kWh,0.75,273.0,Scope 2
B0009,Bakery,2024-12,electricity,electricity_consumption,2113.0,kWh,0.508,1073.404,Scope 2
B0009,Bakery,2024-12,electricity,electricity_consumption,760.0,kWh,0.75,570.0,Scope 2
B0010,Bakery,2024-01,electricity,electricity_consumption,2136.0,kWh,0.508,1085.088,Scope 2
B0010,Bakery,2024-01,electricity,electricity_consumption,592.0,kWh,0.75,444.0,Scope 2
B0010,Bakery,2024-02,electricity,electricity_consumption,1405.0,kWh,0.508,713.74,Scope 2
B0010,Bakery,2024-02,electricity,electricity_consumption,142.0,kWh,0.75,106.5,Scope 2
B0010,Bakery,2024-03,electricity,electricity_consumption,2297.0,kWh,0.508,1166.876,Scope 2
B0010,Bakery,2024-03,electricity,electricity_consumption,708.0,kWh,0.75,531.0,Scope 2
B0010,Bakery,2024-04,electricity,electricity_consumption,2104.0,kWh,0.508,1068.832,Scope 2
B0010,Bakery,2024-04,electricity,electricity_consumption,334.0,kWh,0.75,250.5,Scope 2
B0010,Bakery,2024-05,electricity,electricity_consumption,2198.0,kWh,0.508,1116.584,Scope 2
B0010,Bakery,2024-05,electricity,electricity_consumption,797.0,kWh,0.75,597.75,Scope 2
B0010,Bakery,2024-06,electricity,electricity_consumption,1738.0,kWh,0.508,882.904,Scope 2
B0010,Bakery,2024-06,electricity,electricity_consumption,321.0,kWh,0.75,240.75,Scope 2
B0010,Bakery,2024-07,electricity,electricity_consumption,1896.0,kWh,0.508,963.168,Scope 2
B0010,Bakery,2024-07,electricity,electricity_consumption,507.0,kWh,0.75,380.25,Scope 2
B0010,Bakery,2024-08,electricity,electricity_consumption,1253.0,kWh,0.508,636.524,Scope 2
B0010,Bakery,2024-08,electricity,electricity_consumption,436.0,kWh,0.75,327.0,Scope 2
B0010,Bakery,2024-09,electricity,electricity_consumption,1717.0,kWh,0.508,872.236,Scope 2
B0010,Bakery,2024-09,electricity,electricity_consumption,505.0,kWh,0.75,378.75,Scope 2
B0010,Bakery,2024-10,electricity,electricity_consumption,2006.0,kWh,0.508,1019.048,Scope 2
B0010,Bakery,2024-10,electricity,electricity_consumption,509.0,kWh,0.75,381.75,Scope 2
B0010,Bakery,2024-11,electricity,electricity_consumption,1746.0,kWh,0.508,886.968,Scope 2
B0010,Bakery,2024-11,electricity,electricity_consumption,546.0,kWh,0.75,409.5,Scope 2
B0010,Bakery,2024-12,electricity,electricity_consumption,2253.0,kWh,0.508,1144.524,Scope 2
B0010,Bakery,2024-12,electricity,electricity_consumption,834.0,kWh,0.75,625.5,Scope 2
B0011,Supermarket,2024-01,electricity,electricity_consumption,3239.0,kWh,0.508,1645.412,Scope 2
B0011,Supermarket,2024-01,electricity,electricity_consumption,655.0,kWh,0.75,491.25,Scope 2
B0011,Supermarket,2024-02,electricity,electricity_consumption,7371.0,kWh,0.508,3744.468,Scope 2
B0011,Supermarket,2024-02,electricity,electricity_consumption,1961.0,kWh,0.75,1470.75,Scope 2
B0011,Supermarket,2024-03,electricity,electricity_consumption,6846.0,kWh,0.508,3477.768,Scope 2
B0011,Supermarket,2024-03,electricity,electricity_consumption,2109.0,kWh,0.75,1581.75,Scope 2
B0011,Supermarket,2024-04,electricity,electricity_consumption,5074.0,kWh,0.508,2577.592,Scope 2
B0011,Supermarket,2024-04,electricity,electricity_consumption,1292.0,kWh,0.75,969.0,Scope 2
B0011,Supermarket,2024-05,electricity,electricity_consumption,3938.0,kWh,0.508,2000.504,Scope 2
B0011,Supermarket,2024-05,electricity,electricity_consumption,631.0,kWh,0.75,473.25,Scope 2
B0011,Supermarket,2024-06,electricity,electricity_consumption,5643.0,kWh,0.508,2866.644,Scope 2
B0011,Supermarket,2024-06,electricity,electricity_consumption,663.0,kWh,0.75,497.25,Scope 2
B0011,Supermarket,2024-07,electricity,electricity_consumption,6803.0,kWh,0.508,3455.924,Scope 2
B0011,Supermarket,2024-07,electricity,electricity_consumption,1323.0,kWh,0.75,992.25,Scope 2
B0011,Supermarket,2024-08,electricity,electricity_consumption,6320.0,kWh,0.508,3210.56,Scope 2
B0011,Supermarket,2024-08,electricity,electricity_consumption,1580.0,kWh,0.75,1185.0,Scope 2
B0011,Supermarket,2024-09,electricity,electricity_consumption,3555.0,kWh,0.508,1805.94,Scope 2
B0011,Supermarket,2024-09,electricity,electricity_consumption,533.0,kWh,0.75,399.75,Scope 2
B0011,Supermarket,2024-10,electricity,electricity_consumption,6644.0,kWh,0.508,3375.152,Scope 2
B0011,Supermarket,2024-10,electricity,electricity_consumption,1598.0,kWh,0.75,1198.5,Scope 2
B0011,Supermarket,2024-11,electricity,electricity_consumption,4351.0,kWh,0.508,2210.308,Scope 2
B0011,Supermarket,2024-11,electricity,electricity_consumption,708.0,kWh,0.75,531.0,Scope 2
B0011,Supermarket,2024-12,electricity,electricity_consumption,7403.0,kWh,0.508,3760.724,Scope 2
B0011,Supermarket,2024-12,electricity,electricity_consumption,2132.0,kWh,0.75,1599.0,Scope 2
B0012,Supermarket,2024-01,electricity,electricity_consumption,4298.0,kWh,0.508,2183.384,Scope 2
B0012,Supermarket,2024-01,electricity,electricity_consumption,1464.0,kWh,0.75,1098.0,Scope 2
B0012,Supermarket,2024-02,electricity,electricity_consumption,3022.0,kWh,0.508,1535.176,Scope 2
B0012,Supermarket,2024-02,electricity,electricity_consumption,315.0,kWh,0.75,236.25,Scope 2
B0012,Supermarket,2024-03,electricity,electricity_consumption,5841.0,kWh,0.508,2967.228,Scope 2
B0012,Supermarket,2024-03,electricity,electricity_consumption,1289.0,kWh,0.75,966.75,Scope 2
B0012,Supermarket,2024-04,electricity,electricity_consumption,7192.0,kWh,0.508,3653.536,Scope 2
B0012,Supermarket,2024-04,electricity,electricity_consumption,1586.0,kWh,0.75,1189.5,Scope 2
B0012,Supermarket,2024-05,electricity,electricity_consumption,6302.0,kWh,0.508,3201.416,Scope 2
B0012,Supermarket,2024-05,electricity,electricity_consumption,1993.0,kWh,0.75,1494.75,Scope 2
B0012,Supermarket,2024-06,electricity,electricity_consumption,5753.0,kWh,0.508,2922.524,Scope 2
B0012,Supermarket,2024-06,electricity,electricity_consumption,677.0,kWh,0.75,507.75,Scope 2
B0012,Supermarket,2024-07,electricity,electricity_consumption,4800.0,kWh,0.508,2438.4,Scope 2
B0012,Supermarket,2024-07,electricity,electricity_consumption,667.0,kWh,0.75,500.25,Scope 2
B0012,Supermarket,2024-08,electricity,electricity_consumption,5072.0,kWh,0.508,2576.576,Scope 2
B0012,Supermarket,2024-08,electricity,electricity_consumption,922.0,kWh,0.75,691.5,Scope 2
B0012,Supermarket,2024-09,electricity,electricity_consumption,5882.0,kWh,0.508,2988.056,Scope 2
B0012,Supermarket,2024-09,electricity,electricity_consumption,1659.0,kWh,0.75,1244.25,Scope 2
B0012,Supermarket,2024-10,electricity,electricity_consumption,6047.0,kWh,0.508,3071.876,Scope 2
B0012,Supermarket,2024-10,electricity,electricity_consumption,1522.0,kWh,0.75,1141.5,Scope 2
B0012,Supermarket,2024-11,electricity,electricity_consumption,6802.0,kWh,0.508,3455.416,Scope 2
B0012,Supermarket,2024-11,electricity,electricity_consumption,2057.0,kWh,0.75,1542.75,Scope 2
B0012,Supermarket,2024-12,electricity,electricity_consumption,5438.0,kWh,0.508,2762.504,Scope 2
B0012,Supermarket,2024-12,electricity,electricity_consumption,1690.0,kWh,0.75,1267.5,Scope 2
B0013,Supermarket,2024-01,electricity,electricity_consumption,7055.0,kWh,0.508,3583.94,Scope 2
B0013,Supermarket,2024-01,electricity,electricity_consumption,2493.0,kWh,0.75,1869.75,Scope 2
B0013,Supermarket,2024-02,electricity,electricity_consumption,7538.0,kWh,0.508,3829.304,Scope 2
B0013,Supermarket,2024-02,electricity,electricity_consumption,2843.0,kWh,0.75,2132.25,Scope 2
B0013,Supermarket,2024-03,electricity,electricity_consumption,3233.0,kWh,0.508,1642.364,Scope 2
B0013,Supermarket,2024-03,electricity,electricity_consumption,555.0,kWh,0.75,416.25,Scope 2
B0013,Supermarket,2024-04,electricity,electricity_consumption,5871.0,kWh,0.508,2982.468,Scope 2
B0013,Supermarket,2024-04,electricity,electricity_consumption,688.0,kWh,0.75,516.0,Scope 2
B0013,Supermarket,2024-05,electricity,electricity_consumption,5421.0,kWh,0.508,2753.868,Scope 2
B0013,Supermarket,2024-05,electricity,electricity_consumption,1859.0,kWh,0.75,1394.25,Scope 2
B0013,Supermarket,2024-06,electricity,electricity_consumption,5056.0,kWh,0.508,2568.448,Scope 2
B0013,Supermarket,2024-06,electricity,electricity_consumption,1724.0,kWh,0.75,1293.0,Scope 2
B0013,Supermarket,2024-07,electricity,electricity_consumption,3278.0,kWh,0.508,1665.224,Scope 2
B0013,Supermarket,2024-07,electricity,electricity_consumption,619.0,kWh,0.75,464.25,Scope 2
B0013,Supermarket,2024-08,electricity,electricity_consumption,3667.0,kWh,0.508,1862.836,Scope 2
B0013,Supermarket,2024-08,electricity,electricity_consumption,861.0,kWh,0.75,645.75,Scope 2
B0013,Supermarket,2024-09,electricity,electricity_consumption,5412.0,kWh,0.508,2749.296,Scope 2
B0013,Supermarket,2024-09,electricity,electricity_consumption,1876.0,kWh,0.75,1407.0,Scope 2
B0013,Supermarket,2024-10,electricity,electricity_consumption,6357.0,kWh,0.508,3229.356,Scope 2
B0013,Supermarket,2024-10,electricity,electricity_consumption,2069.0,kWh,0.75,1551.75,Scope 2
B0013,Supermarket,2024-11,electricity,electricity_consumption,6137.0,kWh,0.508,3117.596,Scope 2
B0013,Supermarket,2024-11,electricity,electricity_consumption,1163.0,kWh,0.75,872.25,Scope 2
B0013,Supermarket,2024-12,electricity,electricity_consumption,3202.0,kWh,0.508,1626.616,Scope 2
B0013,Supermarket,2024-12,electricity,electricity_consumption,1233.0,kWh,0.75,924.75,Scope 2
B0014,Supermarket,2024-01,electricity,electricity_consumption,6361.0,kWh,0.508,3231.388,Scope 2
B0014,Supermarket,2024-01,electricity,electricity_consumption,1471.0,kWh,0.75,1103.25,Scope 2
B0014,Supermarket,2024-02,electricity,electricity_consumption,7601.0,kWh,0.508,3861.308,Scope 2
B0014,Supermarket,2024-02,electricity,electricity_consumption,2624.0,kWh,0.75,1968.0,Scope 2
B0014,Supermarket,2024-03,electricity,electricity_consumption,7880.0,kWh,0.508,4003.04,Scope 2
B0014,Supermarket,2024-03,electricity,electricity_consumption,2531.0,kWh,0.75,1898.25,Scope 2
B0014,Supermarket,2024-04,electricity,electricity_consumption,4927.0,kWh,0.508,2502.916,Scope 2
B0014,Supermarket,2024-04,electricity,electricity_consumption,1346.0,kWh,0.75,1009.5,Scope 2
B0014,Supermarket,2024-05,electricity,electricity_consumption,6356.0,kWh,0.508,3228.848,Scope 2
B0014,Supermarket,2024-05,electricity,electricity_consumption,1788.0,kWh,0.75,1341.0,Scope 2
B0014,Supermarket,2024-06,electricity,electricity_consumption,4405.0,kWh,0.508,2237.74,Scope 2
B0014,Supermarket,2024-06,electricity,electricity_consumption,1139.0,kWh,0.75,854.25,Scope 2
B0014,Supermarket,2024-07,electricity,electricity_consumption,7832.0,kWh,0.508,3978.656,Scope 2
B0014,Supermarket,2024-07,electricity,electricity_consumption,1959.0,kWh,0.75,1469.25,Scope 2
B0014,Supermarket,2024-08,electricity,electricity_consumption,5799.0,kWh,0.508,2945.892,Scope 2
B0014,Supermarket,2024-08,electricity,electricity_consumption,941.0,kWh,0.75,705.75,Scope 2
B0014,Supermarket,2024-09,electricity,electricity_consumption,4538.0,kWh,0.508,2305.304,Scope 2
B0014,Supermarket,2024-09,electricity,electricity_consumption,577.0,kWh,0.75,432.75,Scope 2
B0014,Supermarket,2024-10,electricity,electricity_consumption,6890.0,kWh,0.508,3500.12,Scope 2
B0014,Supermarket,2024-10,electricity,electricity_consumption,2325.0,kWh,0.75,1743.75,Scope 2
B0014,Supermarket,2024-11,electricity,electricity_consumption,4757.0,kWh,0.508,2416.556,Scope 2
B0014,Supermarket,2024-11,electricity,electricity_consumption,1859.0,kWh,0.75,1394.25,Scope 2
B0014,Supermarket,2024-12,electricity,electricity_consumption,5727.0,kWh,0.508,2909.3160000000003,Scope 2
B0014,Supermarket,2024-12,electricity,electricity_consumption,1769.0,kWh,0.75,1326.75,Scope 2
B0015,Supermarket,2024-01,electricity,electricity_consumption,3864.0,kWh,0.508,1962.912,Scope 2
B0015,Supermarket,2024-01,electricity,electricity_consumption,523.0,kWh,0.75,392.25,Scope 2
B0015,Supermarket,2024-02,electricity,electricity_consumption,5940.0,kWh,0.508,3017.52,Scope 2
B0015,Supermarket,2024-02,electricity,electricity_consumption,2059.0,kWh,0.75,1544.25,Scope 2
B0015,Supermarket,2024-03,electricity,electricity_consumption,5328.0,kWh,0.508,2706.6240000000003,Scope 2
B0015,Supermarket,2024-03,electricity,electricity_consumption,945.0,kWh,0.75,708.75,Scope 2
B0015,Supermarket,2024-04,electricity,electricity_consumption,7338.0,kWh,0.508,3727.704,Scope 2
B0015,Supermarket,2024-04,electricity,electricity_consumption,1558.0,kWh,0.75,1168.5,Scope 2
B0015,Supermarket,2024-05,electricity,electricity_consumption,7004.0,kWh,0.508,3558.032,Scope 2
B0015,Supermarket,2024-05,electricity,electricity_consumption,2574.0,kWh,0.75,1930.5,Scope 2
B0015,Supermarket,2024-06,electricity,electricity_consumption,6498.0,kWh,0.508,3300.984,Scope 2
B0015,Supermarket,2024-06,electricity,electricity_consumption,1353.0,kWh,0.75,1014.75,Scope 2
B0015,Supermarket,2024-07,electricity,electricity_consumption,4973.0,kWh,0.508,2526.284,Scope 2
B0015,Supermarket,2024-07,electricity,electricity_consumption,915.0,kWh,0.75,686.25,Scope 2
B0015,Supermarket,2024-08,electricity,electricity_consumption,4187.0,kWh,0.508,2126.996,Scope 2
B0015,Supermarket,2024-08,electricity,electricity_consumption,1616.0,kWh,0.75,1212.0,Scope 2
B0015,Supermarket,2024-09,electricity,electricity_consumption,7314.0,kWh,0.508,3715.512,Scope 2
B0015,Supermarket,2024-09,electricity,electricity_consumption,1035.0,kWh,0.75,776.25,Scope 2
B0015,Supermarket,2024-10,electricity,electricity_consumption,3960.0,kWh,0.508,2011.68,Scope 2
B0015,Supermarket,2024-10,electricity,electricity_consumption,813.0,kWh,0.75,609.75,Scope 2
B0015,Supermarket,2024-11,electricity,electricity_consumption,5042.0,kWh,0.508,2561.336,Scope 2
B0015,Supermarket,2024-11,electricity,electricity_consumption,1721.0,kWh,0.75,1290.75,Scope 2
B0015,Supermarket,2024-12,electricity,electricity_consumption,5025.0,kWh,0.508,2552.7,Scope 2
B0015,Supermarket,2024-12,electricity,electricity_consumption,1265.0,kWh,0.75,948.75,Scope 2
B0016,Supermarket,2024-01,electricity,electricity_consumption,5605.0,kWh,0.508,2847.34,Scope 2
B0016,Supermarket,2024-01,electricity,electricity_consumption,1870.0,kWh,0.75,1402.5,Scope 2
B0016,Supermarket,2024-02,electricity,electricity_consumption,7045.0,kWh,0.508,3578.86,Scope 2
B0016,Supermarket,2024-02,electricity,electricity_consumption,2633.0,kWh,0.75,1974.75,Scope 2
B0016,Supermarket,2024-03,electricity,electricity_consumption,4405.0,kWh,0.508,2237.74,Scope 2
B0016,Supermarket,2024-03,electricity,electricity_consumption,1192.0,kWh,0.75,894.0,Scope 2
B0016,Supermarket,2024-04,electricity,electricity_consumption,5094.0,kWh,0.508,2587.752,Scope 2
B0016,Supermarket,2024-04,electricity,electricity_consumption,510.0,kWh,0.75,382.5,Scope 2
B0016,Supermarket,2024-05,electricity,electricity_consumption,5246.0,kWh,0.508,2664.968,Scope 2
B0016,Supermarket,2024-05,electricity,electricity_consumption,809.0,kWh,0.75,606.75,Scope 2
B0016,Supermarket,2024-06,electricity,electricity_consumption,6878.0,kWh,0.508,3494.024,Scope 2
B0016,Supermarket,2024-06,electricity,electricity_consumption,792.0,kWh,0.75,594.0,Scope 2
B0016,Supermarket,2024-07,electricity,electricity_consumption,7425.0,kWh,0.508,3771.9,Scope 2
B0016,Supermarket,2024-07,electricity,electricity_consumption,983.0,kWh,0.75,737.25,Scope 2
B0016,Supermarket,2024-08,electricity,electricity_consumption,7180.0,kWh,0.508,3647.44,Scope 2
B0016,Supermarket,2024-08,electricity,electricity_consumption,2437.0,kWh,0.75,1827.75,Scope 2
B0016,Supermarket,2024-09,electricity,electricity_consumption,4153.0,kWh,0.508,2109.724,Scope 2
B0016,Supermarket,2024-09,electricity,electricity_consumption,842.0,kWh,0.75,631.5,Scope 2
B0016,Supermarket,2024-10,electricity,electricity_consumption,7979.0,kWh,0.508,4053.332,Scope 2
B0016,Supermarket,2024-10,electricity,electricity_consumption,2098.0,kWh,0.75,1573.5,Scope 2
B0016,Supermarket,2024-11,electricity,electricity_consumption,7586.0,kWh,0.508,3853.688,Scope 2
B0016,Supermarket,2024-11,electricity,electricity_consumption,1999.0,kWh,0.75,1499.25,Scope 2
B0016,Supermarket,2024-12,electricity,electricity_consumption,6589.0,kWh,0.508,3347.212,Scope 2
B0016,Supermarket,2024-12,electricity,electricity_consumption,1007.0,kWh,0.75,755.25,Scope 2
B0017,Supermarket,2024-01,electricity,electricity_consumption,4636.0,kWh,0.508,2355.088,Scope 2
B0017,Supermarket,2024-01,electricity,electricity_consumption,1051.0,kWh,0.75,788.25,Scope 2
B0017,Supermarket,2024-02,electricity,electricity_consumption,7846.0,kWh,0.508,3985.768,Scope 2
B0017,Supermarket,2024-02,electricity,electricity_consumption,835.0,kWh,0.75,626.25,Scope 2
B0017,Supermarket,2024-03,electricity,electricity_consumption,5554.0,kWh,0.508,2821.432,Scope 2
B0017,Supermarket,2024-03,electricity,electricity_consumption,1938.0,kWh,0.75,1453.5,Scope 2
B0017,Supermarket,2024-04,electricity,electricity_consumption,7428.0,kWh,0.508,3773.424,Scope 2
B0017,Supermarket,2024-04,electricity,electricity_consumption,1439.0,kWh,0.75,1079.25,Scope 2
B0017,Supermarket,2024-05,electricity,electricity_consumption,4314.0,kWh,0.508,2191.512,Scope 2
B0017,Supermarket,2024-05,electricity,electricity_consumption,1634.0,kWh,0.75,1225.5,Scope 2
B0017,Supermarket,2024-06,electricity,electricity_consumption,7407.0,kWh,0.508,3762.756,Scope 2
B0017,Supermarket,2024-06,electricity,electricity_consumption,2087.0,kWh,0.75,1565.25,Scope 2
B0017,Supermarket,2024-07,electricity,electricity_consumption,3501.0,kWh,0.508,1778.508,Scope 2
B0017,Supermarket,2024-07,electricity,electricity_consumption,434.0,kWh,0.75,325.5,Scope 2
B0017,Supermarket,2024-08,electricity,electricity_consumption,4273.0,kWh,0.508,2170.684,Scope 2
B0017,Supermarket,2024-08,electricity,electricity_consumption,639.0,kWh,0.75,479.25,Scope 2
B0017,Supermarket,2024-09,electricity,electricity_consumption,3288.0,kWh,0.508,1670.304,Scope 2
B0017,Supermarket,2024-09,electricity,electricity_consumption,1097.0,kWh,0.75,822.75,Scope 2
B0017,Supermarket,2024-10,electricity,electricity_consumption,5461.0,kWh,0.508,2774.188,Scope 2
B0017,Supermarket,2024-10,electricity,electricity_consumption,2143.0,kWh,0.75,1607.25,Scope 2
B0017,Supermarket,2024-11,electricity,electricity_consumption,4964.0,kWh,0.508,2521.712,Scope 2
B0017,Supermarket,2024-11,electricity,electricity_consumption,1702.0,kWh,0.75,1276.5,Scope 2
B0017,Supermarket,2024-12,electricity,electricity_consumption,3141.0,kWh,0.508,1595.628,Scope 2
B0017,Supermarket,2024-12,electricity,electricity_consumption,801.0,kWh,0.75,600.75,Scope 2
B0018,Supermarket,2024-01,electricity,electricity_consumption,7358.0,kWh,0.508,3737.864,Scope 2
B0018,Supermarket,2024-01,electricity,electricity_consumption,2167.0,kWh,0.75,1625.25,Scope 2
B0018,Supermarket,2024-02,electricity,electricity_consumption,5250.0,kWh,0.508,2667.0,Scope 2
B0018,Supermarket,2024-02,electricity,electricity_consumption,1221.0,kWh,0.75,915.75,Scope 2
B0018,Supermarket,2024-03,electricity,electricity_consumption,6747.0,kWh,0.508,3427.476,Scope 2
B0018,Supermarket,2024-03,electricity,electricity_consumption,2496.0,kWh,0.75,1872.0,Scope 2
B0018,Supermarket,2024-04,electricity,electricity_consumption,5159.0,kWh,0.508,2620.772,Scope 2
B0018,Supermarket,2024-04,electricity,electricity_consumption,1524.0,kWh,0.75,1143.0,Scope 2
B0018,Supermarket,2024-05,electricity,electricity_consumption,3161.0,kWh,0.508,1605.788,Scope 2
B0018,Supermarket,2024-05,electricity,electricity_consumption,474.0,kWh,0.75,355.5,Scope 2
B0018,Supermarket,2024-06,electricity,electricity_consumption,5682.0,kWh,0.508,2886.456,Scope 2
B0018,Supermarket,2024-06,electricity,electricity_consumption,2176.0,kWh,0.75,1632.0,Scope 2
B0018,Supermarket,2024-07,electricity,electricity_consumption,6816.0,kWh,0.508,3462.528,Scope 2
B0018,Supermarket,2024-07,electricity,electricity_consumption,2089.0,kWh,0.75,1566.75,Scope 2
B0018,Supermarket,2024-08,electricity,electricity_consumption,7346.0,kWh,0.508,3731.768,Scope 2
B0018,Supermarket,2024-08,electricity,electricity_consumption,1533.0,kWh,0.75,1149.75,Scope 2
B0018,Supermarket,2024-09,electricity,electricity_consumption,6148.0,kWh,0.508,3123.184,Scope 2
B0018,Supermarket,2024-09,electricity,electricity_consumption,1670.0,kWh,0.75,1252.5,Scope 2
B0018,Supermarket,2024-10,electricity,electricity_consumption,6987.0,kWh,0.508,3549.396,Scope 2
B0018,Supermarket,2024-10,electricity,electricity_consumption,1003.0,kWh,0.75,752.25,Scope 2
B0018,Supermarket,2024-11,electricity,electricity_consumption,4044.0,kWh,0.508,2054.352,Scope 2
B0018,Supermarket,2024-11,electricity,electricity_consumption,458.0,kWh,0.75,343.5,Scope 2
B0018,Supermarket,2024-12,electricity,electricity_consumption,5734.0,kWh,0.508,2912.872,Scope 2
B0018,Supermarket,2024-12,electricity,electricity_consumption,1865.0,kWh,0.75,1398.75,Scope 2
B0019,Supermarket,2024-01,electricity,electricity_consumption,3721.0,kWh,0.508,1890.268,Scope 2
B0019,Supermarket,2024-01,electricity,electricity_consumption,681.0,kWh,0.75,510.75,Scope 2
B0019,Supermarket,2024-02,electricity,electricity_consumption,7250.0,kWh,0.508,3683.0,Scope 2
B0019,Supermarket,2024-02,electricity,electricity_consumption,1416.0,kWh,0.75,1062.0,Scope 2
B0019,Supermarket,2024-03,electricity,electricity_consumption,3923.0,kWh,0.508,1992.884,Scope 2
B0019,Supermarket,2024-03,electricity,electricity_consumption,1061.0,kWh,0.75,795.75,Scope 2
B0019,Supermarket,2024-04,electricity,electricity_consumption,3472.0,kWh,0.508,1763.776,Scope 2
B0019,Supermarket,2024-04,electricity,electricity_consumption,464.0,kWh,0.75,348.0,Scope 2
B0019,Supermarket,2024-05,electricity,electricity_consumption,5596.0,kWh,0.508,2842.768,Scope 2
B0019,Supermarket,2024-05,electricity,electricity_consumption,1901.0,kWh,0.75,1425.75,Scope 2
B0019,Supermarket,2024-06,electricity,electricity_consumption,7472.0,kWh,0.508,3795.776,Scope 2
B0019,Supermarket,2024-06,electricity,electricity_consumption,2321.0,kWh,0.75,1740.75,Scope 2
B0019,Supermarket,2024-07,electricity,electricity_consumption,7462.0,kWh,0.508,3790.696,Scope 2
B0019,Supermarket,2024-07,electricity,electricity_consumption,891.0,kWh,0.75,668.25,Scope 2
B0019,Supermarket,2024-08,electricity,electricity_consumption,4472.0,kWh,0.508,2271.776,Scope 2
B0019,Supermarket,2024-08,electricity,electricity_consumption,1630.0,kWh,0.75,1222.5,Scope 2
B0019,Supermarket,2024-09,electricity,electricity_consumption,4330.0,kWh,0.508,2199.64,Scope 2
B0019,Supermarket,2024-09,electricity,electricity_consumption,769.0,kWh,0.75,576.75,Scope 2
B0019,Supermarket,2024-10,electricity,electricity_consumption,7862.0,kWh,0.508,3993.896,Scope 2
B0019,Supermarket,2024-10,electricity,electricity_consumption,2078.0,kWh,0.75,1558.5,Scope 2
B0019,Supermarket,2024-11,electricity,electricity_consumption,5558.0,kWh,0.508,2823.464,Scope 2
B0019,Supermarket,2024-11,electricity,electricity_consumption,1235.0,kWh,0.75,926.25,Scope 2
B0019,Supermarket,2024-12,electricity,electricity_consumption,4979.0,kWh,0.508,2529.332,Scope 2
B0019,Supermarket,2024-12,electricity,electricity_consumption,507.0,kWh,0.75,380.25,Scope 2
B0020,Supermarket,2024-01,electricity,electricity_consumption,5693.0,kWh,0.508,2892.044,Scope 2
B0020,Supermarket,2024-01,electricity,electricity_consumption,1146.0,kWh,0.75,859.5,Scope 2
B0020,Supermarket,2024-02,electricity,electricity_consumption,5109.0,kWh,0.508,2595.372,Scope 2
B0020,Supermarket,2024-02,electricity,electricity_consumption,682.0,kWh,0.75,511.5,Scope 2
B0020,Supermarket,2024-03,electricity,electricity_consumption,4568.0,kWh,0.508,2320.544,Scope 2
B0020,Supermarket,2024-03,electricity,electricity_consumption,1263.0,kWh,0.75,947.25,Scope 2
B0020,Supermarket,2024-04,electricity,electricity_consumption,7985.0,kWh,0.508,4056.38,Scope 2
B0020,Supermarket,2024-04,electricity,electricity_consumption,1992.0,kWh,0.75,1494.0,Scope 2
B0020,Supermarket,2024-05,electricity,electricity_consumption,5183.0,kWh,0.508,2632.964,Scope 2
B0020,Supermarket,2024-05,electricity,electricity_consumption,572.0,kWh,0.75,429.0,Scope 2
B0020,Supermarket,2024-06,electricity,electricity_consumption,6027.0,kWh,0.508,3061.716,Scope 2
B0020,Supermarket,2024-06,electricity,electricity_consumption,2137.0,kWh,0.75,1602.75,Scope 2
B0020,Supermarket,2024-07,electricity,electricity_consumption,6005.0,kWh,0.508,3050.54,Scope 2
B0020,Supermarket,2024-07,electricity,electricity_consumption,1931.0,kWh,0.75,1448.25,Scope 2
B0020,Supermarket,2024-08,electricity,electricity_consumption,5757.0,kWh,0.508,2924.556,Scope 2
B0020,Supermarket,2024-08,electricity,electricity_consumption,2277.0,kWh,0.75,1707.75,Scope 2
B0020,Supermarket,2024-09,electricity,electricity_consumption,6458.0,kWh,0.508,3280.664,Scope 2
B0020,Supermarket,2024-09,electricity,electricity_consumption,2054.0,kWh,0.75,1540.5,Scope 2
B0020,Supermarket,2024-10,electricity,electricity_consumption,6321.0,kWh,0.508,3211.068,Scope 2
B0020,Supermarket,2024-10,electricity,electricity_consumption,1129.0,kWh,0.75,846.75,Scope 2
B0020,Supermarket,2024-11,electricity,electricity_consumption,4686.0,kWh,0.508,2380.488,Scope 2
B0020,Supermarket,2024-11,electricity,electricity_consumption,1516.0,kWh,0.75,1137.0,Scope 2
B0020,Supermarket,2024-12,electricity,electricity_consumption,6517.0,kWh,0.508,3310.636,Scope 2
B0020,Supermarket,2024-12,electricity,electricity_consumption,656.0,kWh,0.75,492.0,Scope 2
B0021,SmallShop,2024-01,electricity,electricity_consumption,1087.0,kWh,0.508,552.196,Scope 2
B0021,SmallShop,2024-01,electricity,electricity_consumption,144.0,kWh,0.75,108.0,Scope 2
B0021,SmallShop,2024-02,electricity,electricity_consumption,1143.0,kWh,0.508,580.644,Scope 2
B0021,SmallShop,2024-02,electricity,electricity_consumption,397.0,kWh,0.75,297.75,Scope 2
B0021,SmallShop,2024-03,electricity,electricity_consumption,1118.0,kWh,0.508,567.944,Scope 2
B0021,SmallShop,2024-03,electricity,electricity_consumption,173.0,kWh,0.75,129.75,Scope 2
B0021,SmallShop,2024-04,electricity,electricity_consumption,887.0,kWh,0.508,450.596,Scope 2
B0021,SmallShop,2024-04,electricity,electricity_consumption,326.0,kWh,0.75,244.5,Scope 2
B0021,SmallShop,2024-05,electricity,electricity_consumption,973.0,kWh,0.508,494.284,Scope 2
B0021,SmallShop,2024-05,electricity,electricity_consumption,230.0,kWh,0.75,172.5,Scope 2
B0021,SmallShop,2024-06,electricity,electricity_consumption,515.0,kWh,0.508,261.62,Scope 2
B0021,SmallShop,2024-06,electricity,electricity_consumption,188.0,kWh,0.75,141.0,Scope 2
B0021,SmallShop,2024-07,electricity,electricity_consumption,882.0,kWh,0.508,448.056,Scope 2
B0021,SmallShop,2024-07,electricity,electricity_consumption,209.0,kWh,0.75,156.75,Scope 2
B0021,SmallShop,2024-08,electricity,electricity_consumption,1125.0,kWh,0.508,571.5,Scope 2
B0021,SmallShop,2024-08,electricity,electricity_consumption,243.0,kWh,0.75,182.25,Scope 2
B0021,SmallShop,2024-09,electricity,electricity_consumption,1091.0,kWh,0.508,554.228,Scope 2
B0021,SmallShop,2024-09,electricity,electricity_consumption,372.0,kWh,0.75,279.0,Scope 2
B0021,SmallShop,2024-10,electricity,electricity_consumption,707.0,kWh,0.508,359.156,Scope 2
B0021,SmallShop,2024-10,electricity,electricity_consumption,235.0,kWh,0.75,176.25,Scope 2
B0021,SmallShop,2024-11,electricity,electricity_consumption,885.0,kWh,0.508,449.58,Scope 2
B0021,SmallShop,2024-11,electricity,electricity_consumption,329.0,kWh,0.75,246.75,Scope 2
B0021,SmallShop,2024-12,electricity,electricity_consumption,1120.0,kWh,0.508,568.96,Scope 2
B0021,SmallShop,2024-12,electricity,electricity_consumption,252.0,kWh,0.75,189.0,Scope 2
B0022,SmallShop,2024-01,electricity,electricity_consumption,1160.0,kWh,0.508,589.28,Scope 2
B0022,SmallShop,2024-01,electricity,electricity_consumption,400.0,kWh,0.75,300.0,Scope 2
B0022,SmallShop,2024-02,electricity,electricity_consumption,645.0,kWh,0.508,327.66,Scope 2
B0022,SmallShop,2024-02,electricity,electricity_consumption,73.0,kWh,0.75,54.75,Scope 2
B0022,SmallShop,2024-03,electricity,electricity_consumption,883.0,kWh,0.508,448.564,Scope 2
B0022,SmallShop,2024-03,electricity,electricity_consumption,151.0,kWh,0.75,113.25,Scope 2
B0022,SmallShop,2024-04,electricity,electricity_consumption,893.0,kWh,0.508,453.644,Scope 2
B0022,SmallShop,2024-04,electricity,electricity_consumption,127.0,kWh,0.75,95.25,Scope 2
B0022,SmallShop,2024-05,electricity,electricity_consumption,983.0,kWh,0.508,499.364,Scope 2
B0022,SmallShop,2024-05,electricity,electricity_consumption,357.0,kWh,0.75,267.75,Scope 2
B0022,SmallShop,2024-06,electricity,electricity_consumption,770.0,kWh,0.508,391.16,Scope 2
B0022,SmallShop,2024-06,electricity,electricity_consumption,139.0,kWh,0.75,104.25,Scope 2
B0022,SmallShop,2024-07,electricity,electricity_consumption,634.0,kWh,0.508,322.072,Scope 2
B0022,SmallShop,2024-07,electricity,electricity_consumption,151.0,kWh,0.75,113.25,Scope 2
B0022,SmallShop,2024-08,electricity,electricity_consumption,572.0,kWh,0.508,290.576,Scope 2
B0022,SmallShop,2024-08,electricity,electricity_consumption,73.0,kWh,0.75,54.75,Scope 2
B0022,SmallShop,2024-09,electricity,electricity_consumption,977.0,kWh,0.508,496.316,Scope 2
B0022,SmallShop,2024-09,electricity,electricity_consumption,153.0,kWh,0.75,114.75,Scope 2
B0022,SmallShop,2024-10,electricity,electricity_consumption,1010.0,kWh,0.508,513.08,Scope 2
B0022,SmallShop,2024-10,electricity,electricity_consumption,133.0,kWh,0.75,99.75,Scope 2
B0022,SmallShop,2024-11,electricity,electricity_consumption,1035.0,kWh,0.508,525.78,Scope 2
B0022,SmallShop,2024-11,electricity,electricity_consumption,364.0,kWh,0.75,273.0,Scope 2
B0022,SmallShop,2024-12,electricity,electricity_consumption,529.0,kWh,0.508,268.732,Scope 2
B0022,SmallShop,2024-12,electricity,electricity_consumption,57.0,kWh,0.75,42.75,Scope 2
B0023,SmallShop,2024-01,electricity,electricity_consumption,1084.0,kWh,0.508,550.672,Scope 2
B0023,SmallShop,2024-01,electricity,electricity_consumption,340.0,kWh,0.75,255.0,Scope 2
B0023,SmallShop,2024-02,electricity,electricity_consumption,589.0,kWh,0.508,299.212,Scope 2
B0023,SmallShop,2024-02,electricity,electricity_consumption,159.0,kWh,0.75,119.25,Scope 2
B0023,SmallShop,2024-03,electricity,electricity_consumption,1046.0,kWh,0.508,531.368,Scope 2
B0023,SmallShop,2024-03,electricity,electricity_consumption,122.0,kWh,0.75,91.5,Scope 2
B0023,SmallShop,2024-04,electricity,electricity_consumption,828.0,kWh,0.508,420.624,Scope 2
B0023,SmallShop,2024-04,electricity,electricity_consumption,262.0,kWh,0.75,196.5,Scope 2
B0023,SmallShop,2024-05,electricity,electricity_consumption,525.0,kWh,0.508,266.7,Scope 2
B0023,SmallShop,2024-05,electricity,electricity_consumption,72.0,kWh,0.75,54.0,Scope 2
B0023,SmallShop,2024-06,electricity,electricity_consumption,590.0,kWh,0.508,299.72,Scope 2
B0023,SmallShop,2024-06,electricity,electricity_consumption,101.0,kWh,0.75,75.75,Scope 2
B0023,SmallShop,2024-07,electricity,electricity_consumption,1112.0,kWh,0.508,564.896,Scope 2
B0023,SmallShop,2024-07,electricity,electricity_consumption,167.0,kWh,0.75,125.25,Scope 2
B0023,SmallShop,2024-08,electricity,electricity_consumption,667.0,kWh,0.508,338.836,Scope 2
B0023,SmallShop,2024-08,electricity,electricity_consumption,116.0,kWh,0.75,87.0,Scope 2
B0023,SmallShop,2024-09,electricity,electricity_consumption,926.0,kWh,0.508,470.408,Scope 2
B0023,SmallShop,2024-09,electricity,electricity_consumption,257.0,kWh,0.75,192.75,Scope 2
B0023,SmallShop,2024-10,electricity,electricity_consumption,562.0,kWh,0.508,285.496,Scope 2
B0023,SmallShop,2024-10,electricity,electricity_consumption,136.0,kWh,0.75,102.0,Scope 2
B0023,SmallShop,2024-11,electricity,electricity_consumption,656.0,kWh,0.508,333.248,Scope 2
B0023,SmallShop,2024-11,electricity,electricity_consumption,189.0,kWh,0.75,141.75,Scope 2
B0023,SmallShop,2024-12,electricity,electricity_consumption,1088.0,kWh,0.508,552.704,Scope 2
B0023,SmallShop,2024-12,electricity,electricity_consumption,219.0,kWh,0.75,164.25,Scope 2
B0024,SmallShop,2024-01,electricity,electricity_consumption,613.0,kWh,0.508,311.404,Scope 2
B0024,SmallShop,2024-01,electricity,electricity_consumption,84.0,kWh,0.75,63.0,Scope 2
B0024,SmallShop,2024-02,electricity,electricity_consumption,907.0,kWh,0.508,460.756,Scope 2
B0024,SmallShop,2024-02,electricity,electricity_consumption,104.0,kWh,0.75,78.0,Scope 2
B0024,SmallShop,2024-03,electricity,electricity_consumption,503.0,kWh,0.508,255.524,Scope 2
B0024,SmallShop,2024-03,electricity,electricity_consumption,70.0,kWh,0.75,52.5,Scope 2
B0024,SmallShop,2024-04,electricity,electricity_consumption,1080.0,kWh,0.508,548.64,Scope 2
B0024,SmallShop,2024-04,electricity,electricity_consumption,431.0,kWh,0.75,323.25,Scope 2
B0024,SmallShop,2024-05,electricity,electricity_consumption,634.0,kWh,0.508,322.072,Scope 2
B0024,SmallShop,2024-05,electricity,electricity_consumption,64.0,kWh,0.75,48.0,Scope 2
B0024,SmallShop,2024-06,electricity,electricity_consumption,676.0,kWh,0.508,343.408,Scope 2
B0024,SmallShop,2024-06,electricity,electricity_consumption,139.0,kWh,0.75,104.25,Scope 2
B0024,SmallShop,2024-07,electricity,electricity_consumption,905.0,kWh,0.508,459.74,Scope 2
B0024,SmallShop,2024-07,electricity,electricity_consumption,189.0,kWh,0.75,141.75,Scope 2
B0024,SmallShop,2024-08,electricity,electricity_consumption,651.0,kWh,0.508,330.708,Scope 2
B0024,SmallShop,2024-08,electricity,electricity_consumption,93.0,kWh,0.75,69.75,Scope 2
B0024,SmallShop,2024-09,electricity,electricity_consumption,658.0,kWh,0.508,334.264,Scope 2
B0024,SmallShop,2024-09,electricity,electricity_consumption,170.0,kWh,0.75,127.5,Scope 2
B0024,SmallShop,2024-10,electricity,electricity_consumption,550.0,kWh,0.508,279.4,Scope 2
B0024,SmallShop,2024-10,electricity,electricity_consumption,161.0,kWh,0.75,120.75,Scope 2
B0024,SmallShop,2024-11,electricity,electricity_consumption,1127.0,kWh,0.508,572.516,Scope 2
B0024,SmallShop,2024-11,electricity,electricity_consumption,232.0,kWh,0.75,174.0,Scope 2
B0024,SmallShop,2024-12,electricity,electricity_consumption,1037.0,kWh,0.508,526.796,Scope 2
B0024,SmallShop,2024-12,electricity,electricity_consumption,171.0,kWh,0.75,128.25,Scope 2
B0025,SmallShop,2024-01,electricity,electricity_consumption,525.0,kWh,0.508,266.7,Scope 2
B0025,SmallShop,2024-01,electricity,electricity_consumption,66.0,kWh,0.75,49.5,Scope 2
B0025,SmallShop,2024-02,electricity,electricity_consumption,900.0,kWh,0.508,457.2,Scope 2
B0025,SmallShop,2024-02,electricity,electricity_consumption,260.0,kWh,0.75,195.0,Scope 2
B0025,SmallShop,2024-03,electricity,electricity_consumption,939.0,kWh,0.508,477.012,Scope 2
B0025,SmallShop,2024-03,electricity,electricity_consumption,365.0,kWh,0.75,273.75,Scope 2
B0025,SmallShop,2024-04,electricity,electricity_consumption,643.0,kWh,0.508,326.644,Scope 2
B0025,SmallShop,2024-04,electricity,electricity_consumption,225.0,kWh,0.75,168.75,Scope 2
B0025,SmallShop,2024-05,electricity,electricity_consumption,786.0,kWh,0.508,399.288,Scope 2
B0025,SmallShop,2024-05,electricity,electricity_consumption,115.0,kWh,0.75,86.25,Scope 2
B0025,SmallShop,2024-06,electricity,electricity_consumption,681.0,kWh,0.508,345.948,Scope 2
B0025,SmallShop,2024-06,electricity,electricity_consumption,258.0,kWh,0.75,193.5,Scope 2
B0025,SmallShop,2024-07,electricity,electricity_consumption,729.0,kWh,0.508,370.332,Scope 2
B0025,SmallShop,2024-07,electricity,electricity_consumption,193.0,kWh,0.75,144.75,Scope 2
B0025,SmallShop,2024-08,electricity,electricity_consumption,647.0,kWh,0.508,328.676,Scope 2
B0025,SmallShop,2024-08,electricity,electricity_consumption,159.0,kWh,0.75,119.25,Scope 2
B0025,SmallShop,2024-09,electricity,electricity_consumption,1200.0,kWh,0.508,609.6,Scope 2
B0025,SmallShop,2024-09,electricity,electricity_consumption,183.0,kWh,0.75,137.25,Scope 2
B0025,SmallShop,2024-10,electricity,electricity_consumption,761.0,kWh,0.508,386.588,Scope 2
B0025,SmallShop,2024-10,electricity,electricity_consumption,224.0,kWh,0.75,168.0,Scope 2
B0025,SmallShop,2024-11,electricity,electricity_consumption,861.0,kWh,0.508,437.388,Scope 2
B0025,SmallShop,2024-11,electricity,electricity_consumption,332.0,kWh,0.75,249.0,Scope 2
B0025,SmallShop,2024-12,electricity,electricity_consumption,1120.0,kWh,0.508,568.96,Scope 2
B0025,SmallShop,2024-12,electricity,electricity_consumption,348.0,kWh,0.75,261.0,Scope 2
B0026,SmallShop,2024-01,electricity,electricity_consumption,581.0,kWh,0.508,295.148,Scope 2
B0026,SmallShop,2024-01,electricity,electricity_consumption,225.0,kWh,0.75,168.75,Scope 2
B0026,SmallShop,2024-02,electricity,electricity_consumption,942.0,kWh,0.508,478.536,Scope 2
B0026,SmallShop,2024-02,electricity,electricity_consumption,169.0,kWh,0.75,126.75,Scope 2
B0026,SmallShop,2024-03,electricity,electricity_consumption,1027.0,kWh,0.508,521.716,Scope 2
B0026,SmallShop,2024-03,electricity,electricity_consumption,155.0,kWh,0.75,116.25,Scope 2
B0026,SmallShop,2024-04,electricity,electricity_consumption,1030.0,kWh,0.508,523.24,Scope 2
B0026,SmallShop,2024-04,electricity,electricity_consumption,119.0,kWh,0.75,89.25,Scope 2
B0026,SmallShop,2024-05,electricity,electricity_consumption,892.0,kWh,0.508,453.136,Scope 2
B0026,SmallShop,2024-05,electricity,electricity_consumption,217.0,kWh,0.75,162.75,Scope 2
B0026,SmallShop,2024-06,electricity,electricity_consumption,906.0,kWh,0.508,460.248,Scope 2
B0026,SmallShop,2024-06,electricity,electricity_consumption,332.0,kWh,0.75,249.0,Scope 2
B0026,SmallShop,2024-07,electricity,electricity_consumption,902.0,kWh,0.508,458.216,Scope 2
B0026,SmallShop,2024-07,electricity,electricity_consumption,293.0,kWh,0.75,219.75,Scope 2
B0026,SmallShop,2024-08,electricity,electricity_consumption,555.0,kWh,0.508,281.94,Scope 2
B0026,SmallShop,2024-08,electricity,electricity_consumption,111.0,kWh,0.75,83.25,Scope 2
B0026,SmallShop,2024-09,electricity,electricity_consumption,936.0,kWh,0.508,475.488,Scope 2
B0026,SmallShop,2024-09,electricity,electricity_consumption,172.0,kWh,0.75,129.0,Scope 2
B0026,SmallShop,2024-10,electricity,electricity_consumption,864.0,kWh,0.508,438.912,Scope 2
B0026,SmallShop,2024-10,electricity,electricity_consumption,174.0,kWh,0.75,130.5,Scope 2
B0026,SmallShop,2024-11,electricity,electricity_consumption,758.0,kWh,0.508,385.064,Scope 2
B0026,SmallShop,2024-11,electricity,electricity_consumption,165.0,kWh,0.75,123.75,Scope 2
B0026,SmallShop,2024-12,electricity,electricity_consumption,629.0,kWh,0.508,319.532,Scope 2
B0026,SmallShop,2024-12,electricity,electricity_consumption,214.0,kWh,0.75,160.5,Scope 2
B0027,SmallShop,2024-01,electricity,electricity_consumption,1052.0,kWh,0.508,534.416,Scope 2
B0027,SmallShop,2024-01,electricity,electricity_consumption,277.0,kWh,0.75,207.75,Scope 2
B0027,SmallShop,2024-02,electricity,electricity_consumption,1004.0,kWh,0.508,510.032,Scope 2
B0027,SmallShop,2024-02,electricity,electricity_consumption,347.0,kWh,0.75,260.25,Scope 2
B0027,SmallShop,2024-03,electricity,electricity_consumption,743.0,kWh,0.508,377.444,Scope 2
B0027,SmallShop,2024-03,electricity,electricity_consumption,121.0,kWh,0.75,90.75,Scope 2
B0027,SmallShop,2024-04,electricity,electricity_consumption,920.0,kWh,0.508,467.36,Scope 2
B0027,SmallShop,2024-04,electricity,electricity_consumption,253.0,kWh,0.75,189.75,Scope 2
B0027,SmallShop,2024-05,electricity,electricity_consumption,965.0,kWh,0.508,490.22,Scope 2
B0027,SmallShop,2024-05,electricity,electricity_consumption,126.0,kWh,0.75,94.5,Scope 2
B0027,SmallShop,2024-06,electricity,electricity_consumption,796.0,kWh,0.508,404.368,Scope 2
B0027,SmallShop,2024-06,electricity,electricity_consumption,111.0,kWh,0.75,83.25,Scope 2
B0027,SmallShop,2024-07,electricity,electricity_consumption,649.0,kWh,0.508,329.692,Scope 2
B0027,SmallShop,2024-07,electricity,electricity_consumption,71.0,kWh,0.75,53.25,Scope 2
B0027,SmallShop,2024-08,electricity,electricity_consumption,820.0,kWh,0.508,416.56,Scope 2
B0027,SmallShop,2024-08,electricity,electricity_consumption,215.0,kWh,0.75,161.25,Scope 2
B0027,SmallShop,2024-09,electricity,electricity_consumption,666.0,kWh,0.508,338.32800000000003,Scope 2
B0027,SmallShop,2024-09,electricity,electricity_consumption,189.0,kWh,0.75,141.75,Scope 2
B0027,SmallShop,2024-10,electricity,electricity_consumption,994.0,kWh,0.508,504.952,Scope 2
B0027,SmallShop,2024-10,electricity,electricity_consumption,261.0,kWh,0.75,195.75,Scope 2
B0027,SmallShop,2024-11,electricity,electricity_consumption,537.0,kWh,0.508,272.796,Scope 2
B0027,SmallShop,2024-11,electricity,electricity_consumption,179.0,kWh,0.75,134.25,Scope 2
B0027,SmallShop,2024-12,electricity,electricity_consumption,896.0,kWh,0.508,455.168,Scope 2
B0027,SmallShop,2024-12,electricity,electricity_consumption,101.0,kWh,0.75,75.75,Scope 2
B0028,SmallShop,2024-01,electricity,electricity_consumption,818.0,kWh,0.508,415.544,Scope 2
B0028,SmallShop,2024-01,electricity,electricity_consumption,280.0,kWh,0.75,210.0,Scope 2
B0028,SmallShop,2024-02,electricity,electricity_consumption,673.0,kWh,0.508,341.884,Scope 2
B0028,SmallShop,2024-02,electricity,electricity_consumption,255.0,kWh,0.75,191.25,Scope 2
B0028,SmallShop,2024-03,electricity,electricity_consumption,766.0,kWh,0.508,389.128,Scope 2
B0028,SmallShop,2024-03,electricity,electricity_consumption,107.0,kWh,0.75,80.25,Scope 2
B0028,SmallShop,2024-04,electricity,electricity_consumption,897.0,kWh,0.508,455.676,Scope 2
B0028,SmallShop,2024-04,electricity,electricity_consumption,117.0,kWh,0.75,87.75,Scope 2
B0028,SmallShop,2024-05,electricity,electricity_consumption,648.0,kWh,0.508,329.184,Scope 2
B0028,SmallShop,2024-05,electricity,electricity_consumption,189.0,kWh,0.75,141.75,Scope 2
B0028,SmallShop,2024-06,electricity,electricity_consumption,958.0,kWh,0.508,486.664,Scope 2
B0028,SmallShop,2024-06,electricity,electricity_consumption,167.0,kWh,0.75,125.25,Scope 2
B0028,SmallShop,2024-07,electricity,electricity_consumption,982.0,kWh,0.508,498.856,Scope 2
B0028,SmallShop,2024-07,electricity,electricity_consumption,369.0,kWh,0.75,276.75,Scope 2
B0028,SmallShop,2024-08,electricity,electricity_consumption,1118.0,kWh,0.508,567.944,Scope 2
B0028,SmallShop,2024-08,electricity,electricity_consumption,308.0,kWh,0.75,231.0,Scope 2
B0028,SmallShop,2024-09,electricity,electricity_consumption,1119.0,kWh,0.508,568.452,Scope 2
B0028,SmallShop,2024-09,electricity,electricity_consumption,367.0,kWh,0.75,275.25,Scope 2
B0028,SmallShop,2024-10,electricity,electricity_consumption,834.0,kWh,0.508,423.672,Scope 2
B0028,SmallShop,2024-10,electricity,electricity_consumption,255.0,kWh,0.75,191.25,Scope 2
B0028,SmallShop,2024-11,electricity,electricity_consumption,1001.0,kWh,0.508,508.508,Scope 2
B0028,SmallShop,2024-11,electricity,electricity_consumption,320.0,kWh,0.75,240.0,Scope 2
B0028,SmallShop,2024-12,electricity,electricity_consumption,933.0,kWh,0.508,473.964,Scope 2
B0028,SmallShop,2024-12,electricity,electricity_consumption,363.0,kWh,0.75,272.25,Scope 2
B0029,SmallShop,2024-01,electricity,electricity_consumption,506.0,kWh,0.508,257.048,Scope 2
B0029,SmallShop,2024-01,electricity,electricity_consumption,91.0,kWh,0.75,68.25,Scope 2
B0029,SmallShop,2024-02,electricity,electricity_consumption,973.0,kWh,0.508,494.284,Scope 2
B0029,SmallShop,2024-02,electricity,electricity_consumption,157.0,kWh,0.75,117.75,Scope 2
B0029,SmallShop,2024-03,electricity,electricity_consumption,1196.0,kWh,0.508,607.568,Scope 2
B0029,SmallShop,2024-03,electricity,electricity_consumption,171.0,kWh,0.75,128.25,Scope 2
B0029,SmallShop,2024-04,electricity,electricity_consumption,557.0,kWh,0.508,282.956,Scope 2
B0029,SmallShop,2024-04,electricity,electricity_consumption,152.0,kWh,0.75,114.0,Scope 2
B0029,SmallShop,2024-05,electricity,electricity_consumption,759.0,kWh,0.508,385.572,Scope 2
B0029,SmallShop,2024-05,electricity,electricity_consumption,106.0,kWh,0.75,79.5,Scope 2
B0029,SmallShop,2024-06,electricity,electricity_consumption,529.0,kWh,0.508,268.732,Scope 2
B0029,SmallShop,2024-06,electricity,electricity_consumption,170.0,kWh,0.75,127.5,Scope 2
B0029,SmallShop,2024-07,electricity,electricity_consumption,571.0,kWh,0.508,290.068,Scope 2
B0029,SmallShop,2024-07,electricity,electricity_consumption,167.0,kWh,0.75,125.25,Scope 2
B0029,SmallShop,2024-08,electricity,electricity_consumption,1167.0,kWh,0.508,592.836,Scope 2
B0029,SmallShop,2024-08,electricity,electricity_consumption,164.0,kWh,0.75,123.0,Scope 2
B0029,SmallShop,2024-09,electricity,electricity_consumption,537.0,kWh,0.508,272.796,Scope 2
B0029,SmallShop,2024-09,electricity,electricity_consumption,137.0,kWh,0.75,102.75,Scope 2
B0029,SmallShop,2024-10,electricity,electricity_consumption,894.0,kWh,0.508,454.152,Scope 2
B0029,SmallShop,2024-10,electricity,electricity_consumption,301.0,kWh,0.75,225.75,Scope 2
B0029,SmallShop,2024-11,electricity,electricity_consumption,1019.0,kWh,0.508,517.652,Scope 2
B0029,SmallShop,2024-11,electricity,electricity_consumption,145.0,kWh,0.75,108.75,Scope 2
B0029,SmallShop,2024-12,electricity,electricity_consumption,1087.0,kWh,0.508,552.196,Scope 2
B0029,SmallShop,2024-12,electricity,electricity_consumption,421.0,kWh,0.75,315.75,Scope 2
B0030,SmallShop,2024-01,electricity,electricity_consumption,900.0,kWh,0.508,457.2,Scope 2
B0030,SmallShop,2024-01,electricity,electricity_consumption,112.0,kWh,0.75,84.0,Scope 2
B0030,SmallShop,2024-02,electricity,electricity_consumption,528.0,kWh,0.508,268.224,Scope 2
B0030,SmallShop,2024-02,electricity,electricity_consumption,58.0,kWh,0.75,43.5,Scope 2
B0030,SmallShop,2024-03,electricity,electricity_consumption,1199.0,kWh,0.508,609.092,Scope 2
B0030,SmallShop,2024-03,electricity,electricity_consumption,348.0,kWh,0.75,261.0,Scope 2
B0030,SmallShop,2024-04,electricity,electricity_consumption,628.0,kWh,0.508,319.024,Scope 2
B0030,SmallShop,2024-04,electricity,electricity_consumption,125.0,kWh,0.75,93.75,Scope 2
B0030,SmallShop,2024-05,electricity,electricity_consumption,570.0,kWh,0.508,289.56,Scope 2
B0030,SmallShop,2024-05,electricity,electricity_consumption,117.0,kWh,0.75,87.75,Scope 2
B0030,SmallShop,2024-06,electricity,electricity_consumption,791.0,kWh,0.508,401.828,Scope 2
B0030,SmallShop,2024-06,electricity,electricity_consumption,115.0,kWh,0.75,86.25,Scope 2
B0030,SmallShop,2024-07,electricity,electricity_consumption,747.0,kWh,0.508,379.476,Scope 2
B0030,SmallShop,2024-07,electricity,electricity_consumption,189.0,kWh,0.75,141.75,Scope 2
B0030,SmallShop,2024-08,electricity,electricity_consumption,567.0,kWh,0.508,288.036,Scope 2
B0030,SmallShop,2024-08,electricity,electricity_consumption,203.0,kWh,0.75,152.25,Scope 2
B0030,SmallShop,2024-09,electricity,electricity_consumption,619.0,kWh,0.508,314.452,Scope 2
B0030,SmallShop,2024-09,electricity,electricity_consumption,226.0,kWh,0.75,169.5,Scope 2
B0030,SmallShop,2024-10,electricity,electricity_consumption,779.0,kWh,0.508,395.732,Scope 2
B0030,SmallShop,2024-10,electricity,electricity_consumption,291.0,kWh,0.75,218.25,Scope 2
B0030,SmallShop,2024-11,electricity,electricity_consumption,521.0,kWh,0.508,264.668,Scope 2
B0030,SmallShop,2024-11,electricity,electricity_consumption,152.0,kWh,0.75,114.0,Scope 2
B0030,SmallShop,2024-12,electricity,electricity_consumption,646.0,kWh,0.508,328.168,Scope 2
B0030,SmallShop,2024-12,electricity,electricity_consumption,78.0,kWh,0.75,58.5,Scope 2
B0031,Restaurant,2024-01,electricity,electricity_consumption,3248.0,kWh,0.508,1649.984,Scope 2
B0031,Restaurant,2024-01,electricity,electricity_consumption,1228.0,kWh,0.75,921.0,Scope 2
B0031,Restaurant,2024-02,electricity,electricity_consumption,1695.0,kWh,0.508,861.0600000000001,Scope 2
B0031,Restaurant,2024-02,electricity,electricity_consumption,411.0,kWh,0.75,308.25,Scope 2
B0031,Restaurant,2024-03,electricity,electricity_consumption,3443.0,kWh,0.508,1749.044,Scope 2
B0031,Restaurant,2024-03,electricity,electricity_consumption,383.0,kWh,0.75,287.25,Scope 2
B0031,Restaurant,2024-04,electricity,electricity_consumption,2677.0,kWh,0.508,1359.916,Scope 2
B0031,Restaurant,2024-04,electricity,electricity_consumption,773.0,kWh,0.75,579.75,Scope 2
B0031,Restaurant,2024-05,electricity,electricity_consumption,3914.0,kWh,0.508,1988.312,Scope 2
B0031,Restaurant,2024-05,electricity,electricity_consumption,670.0,kWh,0.75,502.5,Scope 2
B0031,Restaurant,2024-06,electricity,electricity_consumption,2777.0,kWh,0.508,1410.716,Scope 2
B0031,Restaurant,2024-06,electricity,electricity_consumption,851.0,kWh,0.75,638.25,Scope 2
B0031,Restaurant,2024-07,electricity,electricity_consumption,2107.0,kWh,0.508,1070.356,Scope 2
B0031,Restaurant,2024-07,electricity,electricity_consumption,798.0,kWh,0.75,598.5,Scope 2
B0031,Restaurant,2024-08,electricity,electricity_consumption,2471.0,kWh,0.508,1255.268,Scope 2
B0031,Restaurant,2024-08,electricity,electricity_consumption,923.0,kWh,0.75,692.25,Scope 2
B0031,Restaurant,2024-09,electricity,electricity_consumption,3388.0,kWh,0.508,1721.104,Scope 2
B0031,Restaurant,2024-09,electricity,electricity_consumption,717.0,kWh,0.75,537.75,Scope 2
B0031,Restaurant,2024-10,electricity,electricity_consumption,3133.0,kWh,0.508,1591.564,Scope 2
B0031,Restaurant,2024-10,electricity,electricity_consumption,655.0,kWh,0.75,491.25,Scope 2
B0031,Restaurant,2024-11,electricity,electricity_consumption,3795.0,kWh,0.508,1927.86,Scope 2
B0031,Restaurant,2024-11,electricity,electricity_consumption,1277.0,kWh,0.75,957.75,Scope 2
B0031,Restaurant,2024-12,electricity,electricity_consumption,3968.0,kWh,0.508,2015.744,Scope 2
B0031,Restaurant,2024-12,electricity,electricity_consumption,1417.0,kWh,0.75,1062.75,Scope 2
B0032,Restaurant,2024-01,electricity,electricity_consumption,2001.0,kWh,0.508,1016.508,Scope 2
B0032,Restaurant,2024-01,electricity,electricity_consumption,293.0,kWh,0.75,219.75,Scope 2
B0032,Restaurant,2024-02,electricity,electricity_consumption,1657.0,kWh,0.508,841.756,Scope 2
B0032,Restaurant,2024-02,electricity,electricity_consumption,225.0,kWh,0.75,168.75,Scope 2
B0032,Restaurant,2024-03,electricity,electricity_consumption,3946.0,kWh,0.508,2004.568,Scope 2
B0032,Restaurant,2024-03,electricity,electricity_consumption,930.0,kWh,0.75,697.5,Scope 2
B0032,Restaurant,2024-04,electricity,electricity_consumption,2387.0,kWh,0.508,1212.596,Scope 2
B0032,Restaurant,2024-04,electricity,electricity_consumption,335.0,kWh,0.75,251.25,Scope 2
B0032,Restaurant,2024-05,electricity,electricity_consumption,3850.0,kWh,0.508,1955.8,Scope 2
B0032,Restaurant,2024-05,electricity,electricity_consumption,1160.0,kWh,0.75,870.0,Scope 2
B0032,Restaurant,2024-06,electricity,electricity_consumption,1696.0,kWh,0.508,861.568,Scope 2
B0032,Restaurant,2024-06,electricity,electricity_consumption,475.0,kWh,0.75,356.25,Scope 2
B0032,Restaurant,2024-07,electricity,electricity_consumption,3362.0,kWh,0.508,1707.896,Scope 2
B0032,Restaurant,2024-07,electricity,electricity_consumption,1014.0,kWh,0.75,760.5,Scope 2
B0032,Restaurant,2024-08,electricity,electricity_consumption,3913.0,kWh,0.508,1987.804,Scope 2
B0032,Restaurant,2024-08,electricity,electricity_consumption,615.0,kWh,0.75,461.25,Scope 2
B0032,Restaurant,2024-09,electricity,electricity_consumption,2597.0,kWh,0.508,1319.276,Scope 2
B0032,Restaurant,2024-09,electricity,electricity_consumption,872.0,kWh,0.75,654.0,Scope 2
B0032,Restaurant,2024-10,electricity,electricity_consumption,3456.0,kWh,0.508,1755.648,Scope 2
B0032,Restaurant,2024-10,electricity,electricity_consumption,1254.0,kWh,0.75,940.5,Scope 2
B0032,Restaurant,2024-11,electricity,electricity_consumption,3431.0,kWh,0.508,1742.948,Scope 2
B0032,Restaurant,2024-11,electricity,electricity_consumption,767.0,kWh,0.75,575.25,Scope 2
B0032,Restaurant,2024-12,electricity,electricity_consumption,3561.0,kWh,0.508,1808.988,Scope 2
B0032,Restaurant,2024-12,electricity,electricity_consumption,901.0,kWh,0.75,675.75,Scope 2
B0033,Restaurant,2024-01,electricity,electricity_consumption,3526.0,kWh,0.508,1791.208,Scope 2
B0033,Restaurant,2024-01,electricity,electricity_consumption,357.0,kWh,0.75,267.75,Scope 2
B0033,Restaurant,2024-02,electricity,electricity_consumption,2310.0,kWh,0.508,1173.48,Scope 2
B0033,Restaurant,2024-02,electricity,electricity_consumption,658.0,kWh,0.75,493.5,Scope 2
B0033,Restaurant,2024-03,electricity,electricity_consumption,3032.0,kWh,0.508,1540.256,Scope 2
B0033,Restaurant,2024-03,electricity,electricity_consumption,570.0,kWh,0.75,427.5,Scope 2
B0033,Restaurant,2024-04,electricity,electricity_consumption,2103.0,kWh,0.508,1068.324,Scope 2
B0033,Restaurant,2024-04,electricity,electricity_consumption,717.0,kWh,0.75,537.75,Scope 2
B0033,Restaurant,2024-05,electricity,electricity_consumption,2529.0,kWh,0.508,1284.732,Scope 2
B0033,Restaurant,2024-05,electricity,electricity_consumption,329.0,kWh,0.75,246.75,Scope 2
B0033,Restaurant,2024-06,electricity,electricity_consumption,3781.0,kWh,0.508,1920.748,Scope 2
B0033,Restaurant,2024-06,electricity,electricity_consumption,1187.0,kWh,0.75,890.25,Scope 2
B0033,Restaurant,2024-07,electricity,electricity_consumption,2597.0,kWh,0.508,1319.276,Scope 2
B0033,Restaurant,2024-07,electricity,electricity_consumption,940.0,kWh,0.75,705.0,Scope 2
B0033,Restaurant,2024-08,electricity,electricity_consumption,3598.0,kWh,0.508,1827.784,Scope 2
B0033,Restaurant,2024-08,electricity,electricity_consumption,602.0,kWh,0.75,451.5,Scope 2
B0033,Restaurant,2024-09,electricity,electricity_consumption,3960.0,kWh,0.508,2011.68,Scope 2
B0033,Restaurant,2024-09,electricity,electricity_consumption,1349.0,kWh,0.75,1011.75,Scope 2
B0033,Restaurant,2024-10,electricity,electricity_consumption,2860.0,kWh,0.508,1452.88,Scope 2
B0033,Restaurant,2024-10,electricity,electricity_consumption,899.0,kWh,0.75,674.25,Scope 2
B0033,Restaurant,2024-11,electricity,electricity_consumption,3011.0,kWh,0.508,1529.588,Scope 2
B0033,Restaurant,2024-11,electricity,electricity_consumption,339.0,kWh,0.75,254.25,Scope 2
B0033,Restaurant,2024-12,electricity,electricity_consumption,1897.0,kWh,0.508,963.676,Scope 2
B0033,Restaurant,2024-12,electricity,electricity_consumption,465.0,kWh,0.75,348.75,Scope 2
B0034,Restaurant,2024-01,electricity,electricity_consumption,3097.0,kWh,0.508,1573.276,Scope 2
B0034,Restaurant,2024-01,electricity,electricity_consumption,603.0,kWh,0.75,452.25,Scope 2
B0034,Restaurant,2024-02,electricity,electricity_consumption,3223.0,kWh,0.508,1637.284,Scope 2
B0034,Restaurant,2024-02,electricity,electricity_consumption,1112.0,kWh,0.75,834.0,Scope 2
B0034,Restaurant,2024-03,electricity,electricity_consumption,3667.0,kWh,0.508,1862.836,Scope 2
B0034,Restaurant,2024-03,electricity,electricity_consumption,671.0,kWh,0.75,503.25,Scope 2
B0034,Restaurant,2024-04,electricity,electricity_consumption,2359.0,kWh,0.508,1198.372,Scope 2
B0034,Restaurant,2024-04,electricity,electricity_consumption,522.0,kWh,0.75,391.5,Scope 2
B0034,Restaurant,2024-05,electricity,electricity_consumption,2747.0,kWh,0.508,1395.476,Scope 2
B0034,Restaurant,2024-05,electricity,electricity_consumption,431.0,kWh,0.75,323.25,Scope 2
B0034,Restaurant,2024-06,electricity,electricity_consumption,3004.0,kWh,0.508,1526.032,Scope 2
B0034,Restaurant,2024-06,electricity,electricity_consumption,723.0,kWh,0.75,542.25,Scope 2
B0034,Restaurant,2024-07,electricity,electricity_consumption,2883.0,kWh,0.508,1464.564,Scope 2
B0034,Restaurant,2024-07,electricity,electricity_consumption,1106.0,kWh,0.75,829.5,Scope 2
B0034,Restaurant,2024-08,electricity,electricity_consumption,1542.0,kWh,0.508,783.336,Scope 2
B0034,Restaurant,2024-08,electricity,electricity_consumption,375.0,kWh,0.75,281.25,Scope 2
B0034,Restaurant,2024-09,electricity,electricity_consumption,1778.0,kWh,0.508,903.224,Scope 2
B0034,Restaurant,2024-09,electricity,electricity_consumption,362.0,kWh,0.75,271.5,Scope 2
B0034,Restaurant,2024-10,electricity,electricity_consumption,1940.0,kWh,0.508,985.52,Scope 2
B0034,Restaurant,2024-10,electricity,electricity_consumption,409.0,kWh,0.75,306.75,Scope 2
B0034,Restaurant,2024-11,electricity,electricity_consumption,1861.0,kWh,0.508,945.388,Scope 2
B0034,Restaurant,2024-11,electricity,electricity_consumption,204.0,kWh,0.75,153.0,Scope 2
B0034,Restaurant,2024-12,electricity,electricity_consumption,2118.0,kWh,0.508,1075.944,Scope 2
B0034,Restaurant,2024-12,electricity,electricity_consumption,720.0,kWh,0.75,540.0,Scope 2
B0035,Restaurant,2024-01,electricity,electricity_consumption,3111.0,kWh,0.508,1580.388,Scope 2
B0035,Restaurant,2024-01,electricity,electricity_consumption,747.0,kWh,0.75,560.25,Scope 2
B0035,Restaurant,2024-02,electricity,electricity_consumption,1581.0,kWh,0.508,803.148,Scope 2
B0035,Restaurant,2024-02,electricity,electricity_consumption,205.0,kWh,0.75,153.75,Scope 2
B0035,Restaurant,2024-03,electricity,electricity_consumption,1642.0,kWh,0.508,834.136,Scope 2
B0035,Restaurant,2024-03,electricity,electricity_consumption,531.0,kWh,0.75,398.25,Scope 2
B0035,Restaurant,2024-04,electricity,electricity_consumption,3734.0,kWh,0.508,1896.872,Scope 2
B0035,Restaurant,2024-04,electricity,electricity_consumption,1376.0,kWh,0.75,1032.0,Scope 2
B0035,Restaurant,2024-05,electricity,electricity_consumption,3110.0,kWh,0.508,1579.88,Scope 2
B0035,Restaurant,2024-05,electricity,electricity_consumption,650.0,kWh,0.75,487.5,Scope 2
B0035,Restaurant,2024-06,electricity,electricity_consumption,1683.0,kWh,0.508,854.964,Scope 2
B0035,Restaurant,2024-06,electricity,electricity_consumption,414.0,kWh,0.75,310.5,Scope 2
B0035,Restaurant,2024-07,electricity,electricity_consumption,1977.0,kWh,0.508,1004.316,Scope 2
B0035,Restaurant,2024-07,electricity,electricity_consumption,342.0,kWh,0.75,256.5,Scope 2
B0035,Restaurant,2024-08,electricity,electricity_consumption,3101.0,kWh,0.508,1575.308,Scope 2
B0035,Restaurant,2024-08,electricity,electricity_consumption,495.0,kWh,0.75,371.25,Scope 2
B0035,Restaurant,2024-09,electricity,electricity_consumption,2244.0,kWh,0.508,1139.952,Scope 2
B0035,Restaurant,2024-09,electricity,electricity_consumption,696.0,kWh,0.75,522.0,Scope 2
B0035,Restaurant,2024-10,electricity,electricity_consumption,1554.0,kWh,0.508,789.432,Scope 2
B0035,Restaurant,2024-10,electricity,electricity_consumption,603.0,kWh,0.75,452.25,Scope 2
B0035,Restaurant,2024-11,electricity,electricity_consumption,2963.0,kWh,0.508,1505.204,Scope 2
B0035,Restaurant,2024-11,electricity,electricity_consumption,1045.0,kWh,0.75,783.75,Scope 2
B0035,Restaurant,2024-12,electricity,electricity_consumption,2395.0,kWh,0.508,1216.66,Scope 2
B0035,Restaurant,2024-12,electricity,electricity_consumption,683.0,kWh,0.75,512.25,Scope 2
B0036,Restaurant,2024-01,electricity,electricity_consumption,3837.0,kWh,0.508,1949.196,Scope 2
B0036,Restaurant,2024-01,electricity,electricity_consumption,941.0,kWh,0.75,705.75,Scope 2
B0036,Restaurant,2024-02,electricity,electricity_consumption,2025.0,kWh,0.508,1028.7,Scope 2
B0036,Restaurant,2024-02,electricity,electricity_consumption,236.0,kWh,0.75,177.0,Scope 2
B0036,Restaurant,2024-03,electricity,electricity_consumption,2118.0,kWh,0.508,1075.944,Scope 2
B0036,Restaurant,2024-03,electricity,electricity_consumption,369.0,kWh,0.75,276.75,Scope 2
B0036,Restaurant,2024-04,electricity,electricity_consumption,2386.0,kWh,0.508,1212.088,Scope 2
B0036,Restaurant,2024-04,electricity,electricity_consumption,269.0,kWh,0.75,201.75,Scope 2
B0036,Restaurant,2024-05,electricity,electricity_consumption,1904.0,kWh,0.508,967.232,Scope 2
B0036,Restaurant,2024-05,electricity,electricity_consumption,526.0,kWh,0.75,394.5,Scope 2
B0036,Restaurant,2024-06,electricity,electricity_consumption,1639.0,kWh,0.508,832.612,Scope 2
B0036,Restaurant,2024-06,electricity,electricity_consumption,549.0,kWh,0.75,411.75,Scope 2
B0036,Restaurant,2024-07,electricity,electricity_consumption,2267.0,kWh,0.508,1151.636,Scope 2
B0036,Restaurant,2024-07,electricity,electricity_consumption,815.0,kWh,0.75,611.25,Scope 2
B0036,Restaurant,2024-08,electricity,electricity_consumption,3660.0,kWh,0.508,1859.28,Scope 2
B0036,Restaurant,2024-08,electricity,electricity_consumption,514.0,kWh,0.75,385.5,Scope 2
B0036,Restaurant,2024-09,electricity,electricity_consumption,2081.0,kWh,0.508,1057.148,Scope 2
B0036,Restaurant,2024-09,electricity,electricity_consumption,817.0,kWh,0.75,612.75,Scope 2
B0036,Restaurant,2024-10,electricity,electricity_consumption,3137.0,kWh,0.508,1593.596,Scope 2
B0036,Restaurant,2024-10,electricity,electricity_consumption,718.0,kWh,0.75,538.5,Scope 2
B0036,Restaurant,2024-11,electricity,electricity_consumption,3254.0,kWh,0.508,1653.032,Scope 2
B0036,Restaurant,2024-11,electricity,electricity_consumption,613.0,kWh,0.75,459.75,Scope 2
B0036,Restaurant,2024-12,electricity,electricity_consumption,2887.0,kWh,0.508,1466.596,Scope 2
B0036,Restaurant,2024-12,electricity,electricity_consumption,1151.0,kWh,0.75,863.25,Scope 2
B0037,Restaurant,2024-01,electricity,electricity_consumption,2550.0,kWh,0.508,1295.4,Scope 2
B0037,Restaurant,2024-01,electricity,electricity_consumption,791.0,kWh,0.75,593.25,Scope 2
B0037,Restaurant,2024-02,electricity,electricity_consumption,2168.0,kWh,0.508,1101.344,Scope 2
B0037,Restaurant,2024-02,electricity,electricity_consumption,631.0,kWh,0.75,473.25,Scope 2
B0037,Restaurant,2024-03,electricity,electricity_consumption,2072.0,kWh,0.508,1052.576,Scope 2
B0037,Restaurant,2024-03,electricity,electricity_consumption,467.0,kWh,0.75,350.25,Scope 2
B0037,Restaurant,2024-04,electricity,electricity_consumption,3748.0,kWh,0.508,1903.984,Scope 2
B0037,Restaurant,2024-04,electricity,electricity_consumption,579.0,kWh,0.75,434.25,Scope 2
B0037,Restaurant,2024-05,electricity,electricity_consumption,1636.0,kWh,0.508,831.088,Scope 2
B0037,Restaurant,2024-05,electricity,electricity_consumption,442.0,kWh,0.75,331.5,Scope 2
B0037,Restaurant,2024-06,electricity,electricity_consumption,2961.0,kWh,0.508,1504.188,Scope 2
B0037,Restaurant,2024-06,electricity,electricity_consumption,614.0,kWh,0.75,460.5,Scope 2
B0037,Restaurant,2024-07,electricity,electricity_consumption,2220.0,kWh,0.508,1127.76,Scope 2
B0037,Restaurant,2024-07,electricity,electricity_consumption,327.0,kWh,0.75,245.25,Scope 2
B0037,Restaurant,2024-08,electricity,electricity_consumption,1542.0,kWh,0.508,783.336,Scope 2
B0037,Restaurant,2024-08,electricity,electricity_consumption,323.0,kWh,0.75,242.25,Scope 2
B0037,Restaurant,2024-09,electricity,electricity_consumption,3122.0,kWh,0.508,1585.976,Scope 2
B0037,Restaurant,2024-09,electricity,electricity_consumption,709.0,kWh,0.75,531.75,Scope 2
B0037,Restaurant,2024-10,electricity,electricity_consumption,3697.0,kWh,0.508,1878.076,Scope 2
B0037,Restaurant,2024-10,electricity,electricity_consumption,1296.0,kWh,0.75,972.0,Scope 2
B0037,Restaurant,2024-11,electricity,electricity_consumption,2249.0,kWh,0.508,1142.492,Scope 2
B0037,Restaurant,2024-11,electricity,electricity_consumption,574.0,kWh,0.75,430.5,Scope 2
B0037,Restaurant,2024-12,electricity,electricity_consumption,3133.0,kWh,0.508,1591.564,Scope 2
B0037,Restaurant,2024-12,electricity,electricity_consumption,1020.0,kWh,0.75,765.0,Scope 2
B0038,Restaurant,2024-01,electricity,electricity_consumption,1901.0,kWh,0.508,965.708,Scope 2
B0038,Restaurant,2024-01,electricity,electricity_consumption,577.0,kWh,0.75,432.75,Scope 2
B0038,Restaurant,2024-02,electricity,electricity_consumption,3475.0,kWh,0.508,1765.3,Scope 2
B0038,Restaurant,2024-02,electricity,electricity_consumption,1213.0,kWh,0.75,909.75,Scope 2
B0038,Restaurant,2024-03,electricity,electricity_consumption,3928.0,kWh,0.508,1995.424,Scope 2
B0038,Restaurant,2024-03,electricity,electricity_consumption,946.0,kWh,0.75,709.5,Scope 2
B0038,Restaurant,2024-04,electricity,electricity_consumption,3791.0,kWh,0.508,1925.828,Scope 2
B0038,Restaurant,2024-04,electricity,electricity_consumption,606.0,kWh,0.75,454.5,Scope 2
B0038,Restaurant,2024-05,electricity,electricity_consumption,3207.0,kWh,0.508,1629.156,Scope 2
B0038,Restaurant,2024-05,electricity,electricity_consumption,805.0,kWh,0.75,603.75,Scope 2
B0038,Restaurant,2024-06,electricity,electricity_consumption,2626.0,kWh,0.508,1334.008,Scope 2
B0038,Restaurant,2024-06,electricity,electricity_consumption,813.0,kWh,0.75,609.75,Scope 2
B0038,Restaurant,2024-07,electricity,electricity_consumption,1505.0,kWh,0.508,764.54,Scope 2
B0038,Restaurant,2024-07,electricity,electricity_consumption,582.0,kWh,0.75,436.5,Scope 2
B0038,Restaurant,2024-08,electricity,electricity_consumption,2793.0,kWh,0.508,1418.844,Scope 2
B0038,Restaurant,2024-08,electricity,electricity_consumption,874.0,kWh,0.75,655.5,Scope 2
B0038,Restaurant,2024-09,electricity,electricity_consumption,3788.0,kWh,0.508,1924.304,Scope 2
B0038,Restaurant,2024-09,electricity,electricity_consumption,1480.0,kWh,0.75,1110.0,Scope 2
B0038,Restaurant,2024-10,electricity,electricity_consumption,2816.0,kWh,0.508,1430.528,Scope 2
B0038,Restaurant,2024-10,electricity,electricity_consumption,1125.0,kWh,0.75,843.75,Scope 2
B0038,Restaurant,2024-11,electricity,electricity_consumption,3276.0,kWh,0.508,1664.208,Scope 2
B0038,Restaurant,2024-11,electricity,electricity_consumption,767.0,kWh,0.75,575.25,Scope 2
B0038,Restaurant,2024-12,electricity,electricity_consumption,2612.0,kWh,0.508,1326.896,Scope 2
B0038,Restaurant,2024-12,electricity,electricity_consumption,468.0,kWh,0.75,351.0,Scope 2
B0039,Restaurant,2024-01,electricity,electricity_consumption,3963.0,kWh,0.508,2013.204,Scope 2
B0039,Restaurant,2024-01,electricity,electricity_consumption,432.0,kWh,0.75,324.0,Scope 2
B0039,Restaurant,2024-02,electricity,electricity_consumption,2097.0,kWh,0.508,1065.276,Scope 2
B0039,Restaurant,2024-02,electricity,electricity_consumption,820.0,kWh,0.75,615.0,Scope 2
B0039,Restaurant,2024-03,electricity,electricity_consumption,3778.0,kWh,0.508,1919.224,Scope 2
B0039,Restaurant,2024-03,electricity,electricity_consumption,582.0,kWh,0.75,436.5,Scope 2
B0039,Restaurant,2024-04,electricity,electricity_consumption,3148.0,kWh,0.508,1599.184,Scope 2
B0039,Restaurant,2024-04,electricity,electricity_consumption,505.0,kWh,0.75,378.75,Scope 2
B0039,Restaurant,2024-05,electricity,electricity_consumption,3751.0,kWh,0.508,1905.508,Scope 2
B0039,Restaurant,2024-05,electricity,electricity_consumption,663.0,kWh,0.75,497.25,Scope 2
B0039,Restaurant,2024-06,electricity,electricity_consumption,3628.0,kWh,0.508,1843.024,Scope 2
B0039,Restaurant,2024-06,electricity,electricity_consumption,906.0,kWh,0.75,679.5,Scope 2
B0039,Restaurant,2024-07,electricity,electricity_consumption,2720.0,kWh,0.508,1381.76,Scope 2
B0039,Restaurant,2024-07,electricity,electricity_consumption,313.0,kWh,0.75,234.75,Scope 2
B0039,Restaurant,2024-08,electricity,electricity_consumption,2476.0,kWh,0.508,1257.808,Scope 2
B0039,Restaurant,2024-08,electricity,electricity_consumption,691.0,kWh,0.75,518.25,Scope 2
B0039,Restaurant,2024-09,electricity,electricity_consumption,3932.0,kWh,0.508,1997.456,Scope 2
B0039,Restaurant,2024-09,electricity,electricity_consumption,407.0,kWh,0.75,305.25,Scope 2
B0039,Restaurant,2024-10,electricity,electricity_consumption,3090.0,kWh,0.508,1569.72,Scope 2
B0039,Restaurant,2024-10,electricity,electricity_consumption,378.0,kWh,0.75,283.5,Scope 2
B0039,Restaurant,2024-11,electricity,electricity_consumption,2017.0,kWh,0.508,1024.636,Scope 2
B0039,Restaurant,2024-11,electricity,electricity_consumption,771.0,kWh,0.75,578.25,Scope 2
B0039,Restaurant,2024-12,electricity,electricity_consumption,3223.0,kWh,0.508,1637.284,Scope 2
B0039,Restaurant,2024-12,electricity,electricity_consumption,1146.0,kWh,0.75,859.5,Scope 2
B0040,Restaurant,2024-01,electricity,electricity_consumption,2571.0,kWh,0.508,1306.068,Scope 2
B0040,Restaurant,2024-01,electricity,electricity_consumption,319.0,kWh,0.75,239.25,Scope 2
B0040,Restaurant,2024-02,electricity,electricity_consumption,1848.0,kWh,0.508,938.784,Scope 2
B0040,Restaurant,2024-02,electricity,electricity_consumption,512.0,kWh,0.75,384.0,Scope 2
B0040,Restaurant,2024-03,electricity,electricity_consumption,3616.0,kWh,0.508,1836.928,Scope 2
B0040,Restaurant,2024-03,electricity,electricity_consumption,1380.0,kWh,0.75,1035.0,Scope 2
B0040,Restaurant,2024-04,electricity,electricity_consumption,2834.0,kWh,0.508,1439.672,Scope 2
B0040,Restaurant,2024-04,electricity,electricity_consumption,414.0,kWh,0.75,310.5,Scope 2
B0040,Restaurant,2024-05,electricity,electricity_consumption,3547.0,kWh,0.508,1801.876,Scope 2
B0040,Restaurant,2024-05,electricity,electricity_consumption,812.0,kWh,0.75,609.0,Scope 2
B0040,Restaurant,2024-06,electricity,electricity_consumption,2514.0,kWh,0.508,1277.112,Scope 2
B0040,Restaurant,2024-06,electricity,electricity_consumption,406.0,kWh,0.75,304.5,Scope 2
B0040,Restaurant,2024-07,electricity,electricity_consumption,1919.0,kWh,0.508,974.852,Scope 2
B0040,Restaurant,2024-07,electricity,electricity_consumption,603.0,kWh,0.75,452.25,Scope 2
B0040,Restaurant,2024-08,electricity,electricity_consumption,2814.0,kWh,0.508,1429.512,Scope 2
B0040,Restaurant,2024-08,electricity,electricity_consumption,687.0,kWh,0.75,515.25,Scope 2
B0040,Restaurant,2024-09,electricity,electricity_consumption,2608.0,kWh,0.508,1324.864,Scope 2
B0040,Restaurant,2024-09,electricity,electricity_consumption,571.0,kWh,0.75,428.25,Scope 2
B0040,Restaurant,2024-10,electricity,electricity_consumption,1562.0,kWh,0.508,793.496,Scope 2
B0040,Restaurant,2024-10,electricity,electricity_consumption,565.0,kWh,0.75,423.75,Scope 2
B0040,Restaurant,2024-11,electricity,electricity_consumption,2531.0,kWh,0.508,1285.748,Scope 2
B0040,Restaurant,2024-11,electricity,electricity_consumption,767.0,kWh,0.75,575.25,Scope 2
B0040,Restaurant,2024-12,electricity,electricity_consumption,2213.0,kWh,0.508,1124.204,Scope 2
B0040,Restaurant,2024-12,electricity,electricity_consumption,819.0,kWh,0.75,614.25,Scope 2
B0041,Pharmacy,2024-01,electricity,electricity_consumption,816.0,kWh,0.508,414.528,Scope 2
B0041,Pharmacy,2024-01,electricity,electricity_consumption,179.0,kWh,0.75,134.25,Scope 2
B0041,Pharmacy,2024-02,electricity,electricity_consumption,1585.0,kWh,0.508,805.1800000000001,Scope 2
B0041,Pharmacy,2024-02,electricity,electricity_consumption,405.0,kWh,0.75,303.75,Scope 2
B0041,Pharmacy,2024-03,electricity,electricity_consumption,1020.0,kWh,0.508,518.16,Scope 2
B0041,Pharmacy,2024-03,electricity,electricity_consumption,314.0,kWh,0.75,235.5,Scope 2
B0041,Pharmacy,2024-04,electricity,electricity_consumption,1137.0,kWh,0.508,577.596,Scope 2
B0041,Pharmacy,2024-04,electricity,electricity_consumption,371.0,kWh,0.75,278.25,Scope 2
B0041,Pharmacy,2024-05,electricity,electricity_consumption,1913.0,kWh,0.508,971.804,Scope 2
B0041,Pharmacy,2024-05,electricity,electricity_consumption,273.0,kWh,0.75,204.75,Scope 2
B0041,Pharmacy,2024-06,electricity,electricity_consumption,838.0,kWh,0.508,425.704,Scope 2
B0041,Pharmacy,2024-06,electricity,electricity_consumption,211.0,kWh,0.75,158.25,Scope 2
B0041,Pharmacy,2024-07,electricity,electricity_consumption,2000.0,kWh,0.508,1016.0,Scope 2
B0041,Pharmacy,2024-07,electricity,electricity_consumption,727.0,kWh,0.75,545.25,Scope 2
B0041,Pharmacy,2024-08,electricity,electricity_consumption,1882.0,kWh,0.508,956.056,Scope 2
B0041,Pharmacy,2024-08,electricity,electricity_consumption,203.0,kWh,0.75,152.25,Scope 2
B0041,Pharmacy,2024-09,electricity,electricity_consumption,1408.0,kWh,0.508,715.264,Scope 2
B0041,Pharmacy,2024-09,electricity,electricity_consumption,557.0,kWh,0.75,417.75,Scope 2
B0041,Pharmacy,2024-10,electricity,electricity_consumption,1279.0,kWh,0.508,649.732,Scope 2
B0041,Pharmacy,2024-10,electricity,electricity_consumption,219.0,kWh,0.75,164.25,Scope 2
B0041,Pharmacy,2024-11,electricity,electricity_consumption,1033.0,kWh,0.508,524.764,Scope 2
B0041,Pharmacy,2024-11,electricity,electricity_consumption,143.0,kWh,0.75,107.25,Scope 2
B0041,Pharmacy,2024-12,electricity,electricity_consumption,1536.0,kWh,0.508,780.288,Scope 2
B0041,Pharmacy,2024-12,electricity,electricity_consumption,584.0,kWh,0.75,438.0,Scope 2
B0042,Pharmacy,2024-01,electricity,electricity_consumption,1765.0,kWh,0.508,896.62,Scope 2
B0042,Pharmacy,2024-01,electricity,electricity_consumption,483.0,kWh,0.75,362.25,Scope 2
B0042,Pharmacy,2024-02,electricity,electricity_consumption,877.0,kWh,0.508,445.516,Scope 2
B0042,Pharmacy,2024-02,electricity,electricity_consumption,202.0,kWh,0.75,151.5,Scope 2
B0042,Pharmacy,2024-03,electricity,electricity_consumption,1600.0,kWh,0.508,812.8,Scope 2
B0042,Pharmacy,2024-03,electricity,electricity_consumption,591.0,kWh,0.75,443.25,Scope 2
B0042,Pharmacy,2024-04,electricity,electricity_consumption,1807.0,kWh,0.508,917.956,Scope 2
B0042,Pharmacy,2024-04,electricity,electricity_consumption,658.0,kWh,0.75,493.5,Scope 2
B0042,Pharmacy,2024-05,electricity,electricity_consumption,1279.0,kWh,0.508,649.732,Scope 2
B0042,Pharmacy,2024-05,electricity,electricity_consumption,427.0,kWh,0.75,320.25,Scope 2
B0042,Pharmacy,2024-06,electricity,electricity_consumption,998.0,kWh,0.508,506.984,Scope 2
B0042,Pharmacy,2024-06,electricity,electricity_consumption,155.0,kWh,0.75,116.25,Scope 2
B0042,Pharmacy,2024-07,electricity,electricity_consumption,926.0,kWh,0.508,470.408,Scope 2
B0042,Pharmacy,2024-07,electricity,electricity_consumption,103.0,kWh,0.75,77.25,Scope 2
B0042,Pharmacy,2024-08,electricity,electricity_consumption,1990.0,kWh,0.508,1010.92,Scope 2
B0042,Pharmacy,2024-08,electricity,electricity_consumption,601.0,kWh,0.75,450.75,Scope 2
B0042,Pharmacy,2024-09,electricity,electricity_consumption,1066.0,kWh,0.508,541.528,Scope 2
B0042,Pharmacy,2024-09,electricity,electricity_consumption,239.0,kWh,0.75,179.25,Scope 2
B0042,Pharmacy,2024-10,electricity,electricity_consumption,1014.0,kWh,0.508,515.112,Scope 2
B0042,Pharmacy,2024-10,electricity,electricity_consumption,314.0,kWh,0.75,235.5,Scope 2
B0042,Pharmacy,2024-11,electricity,electricity_consumption,1830.0,kWh,0.508,929.64,Scope 2
B0042,Pharmacy,2024-11,electricity,electricity_consumption,307.0,kWh,0.75,230.25,Scope 2
B0042,Pharmacy,2024-12,electricity,electricity_consumption,996.0,kWh,0.508,505.968,Scope 2
B0042,Pharmacy,2024-12,electricity,electricity_consumption,291.0,kWh,0.75,218.25,Scope 2
B0043,Pharmacy,2024-01,electricity,electricity_consumption,1957.0,kWh,0.508,994.156,Scope 2
B0043,Pharmacy,2024-01,electricity,electricity_consumption,764.0,kWh,0.75,573.0,Scope 2
B0043,Pharmacy,2024-02,electricity,electricity_consumption,1586.0,kWh,0.508,805.688,Scope 2
B0043,Pharmacy,2024-02,electricity,electricity_consumption,557.0,kWh,0.75,417.75,Scope 2
B0043,Pharmacy,2024-03,electricity,electricity_consumption,1216.0,kWh,0.508,617.7280000000001,Scope 2
B0043,Pharmacy,2024-03,electricity,electricity_consumption,146.0,kWh,0.75,109.5,Scope 2
B0043,Pharmacy,2024-04,electricity,electricity_consumption,1780.0,kWh,0.508,904.24,Scope 2
B0043,Pharmacy,2024-04,electricity,electricity_consumption,232.0,kWh,0.75,174.0,Scope 2
B0043,Pharmacy,2024-05,electricity,electricity_consumption,1856.0,kWh,0.508,942.848,Scope 2
B0043,Pharmacy,2024-05,electricity,electricity_consumption,276.0,kWh,0.75,207.0,Scope 2
B0043,Pharmacy,2024-06,electricity,electricity_consumption,1015.0,kWh,0.508,515.62,Scope 2
B0043,Pharmacy,2024-06,electricity,electricity_consumption,391.0,kWh,0.75,293.25,Scope 2
B0043,Pharmacy,2024-07,electricity,electricity_consumption,1298.0,kWh,0.508,659.384,Scope 2
B0043,Pharmacy,2024-07,electricity,electricity_consumption,295.0,kWh,0.75,221.25,Scope 2
B0043,Pharmacy,2024-08,electricity,electricity_consumption,855.0,kWh,0.508,434.34,Scope 2
B0043,Pharmacy,2024-08,electricity,electricity_consumption,313.0,kWh,0.75,234.75,Scope 2
B0043,Pharmacy,2024-09,electricity,electricity_consumption,1823.0,kWh,0.508,926.084,Scope 2
B0043,Pharmacy,2024-09,electricity,electricity_consumption,289.0,kWh,0.75,216.75,Scope 2
B0043,Pharmacy,2024-10,electricity,electricity_consumption,1435.0,kWh,0.508,728.98,Scope 2
B0043,Pharmacy,2024-10,electricity,electricity_consumption,245.0,kWh,0.75,183.75,Scope 2
B0043,Pharmacy,2024-11,electricity,electricity_consumption,1926.0,kWh,0.508,978.408,Scope 2
B0043,Pharmacy,2024-11,electricity,electricity_consumption,396.0,kWh,0.75,297.0,Scope 2
B0043,Pharmacy,2024-12,electricity,electricity_consumption,1504.0,kWh,0.508,764.032,Scope 2
B0043,Pharmacy,2024-12,electricity,electricity_consumption,210.0,kWh,0.75,157.5,Scope 2
B0044,Pharmacy,2024-01,electricity,electricity_consumption,1841.0,kWh,0.508,935.228,Scope 2
B0044,Pharmacy,2024-01,electricity,electricity_consumption,413.0,kWh,0.75,309.75,Scope 2
B0044,Pharmacy,2024-02,electricity,electricity_consumption,1427.0,kWh,0.508,724.916,Scope 2
B0044,Pharmacy,2024-02,electricity,electricity_consumption,298.0,kWh,0.75,223.5,Scope 2
B0044,Pharmacy,2024-03,electricity,electricity_consumption,1750.0,kWh,0.508,889.0,Scope 2
B0044,Pharmacy,2024-03,electricity,electricity_consumption,471.0,kWh,0.75,353.25,Scope 2
B0044,Pharmacy,2024-04,electricity,electricity_consumption,1781.0,kWh,0.508,904.748,Scope 2
B0044,Pharmacy,2024-04,electricity,electricity_consumption,683.0,kWh,0.75,512.25,Scope 2
B0044,Pharmacy,2024-05,electricity,electricity_consumption,1337.0,kWh,0.508,679.196,Scope 2
B0044,Pharmacy,2024-05,electricity,electricity_consumption,428.0,kWh,0.75,321.0,Scope 2
B0044,Pharmacy,2024-06,electricity,electricity_consumption,1674.0,kWh,0.508,850.392,Scope 2
B0044,Pharmacy,2024-06,electricity,electricity_consumption,282.0,kWh,0.75,211.5,Scope 2
B0044,Pharmacy,2024-07,electricity,electricity_consumption,1044.0,kWh,0.508,530.352,Scope 2
B0044,Pharmacy,2024-07,electricity,electricity_consumption,147.0,kWh,0.75,110.25,Scope 2
B0044,Pharmacy,2024-08,electricity,electricity_consumption,1927.0,kWh,0.508,978.916,Scope 2
B0044,Pharmacy,2024-08,electricity,electricity_consumption,643.0,kWh,0.75,482.25,Scope 2
B0044,Pharmacy,2024-09,electricity,electricity_consumption,1177.0,kWh,0.508,597.916,Scope 2
B0044,Pharmacy,2024-09,electricity,electricity_consumption,293.0,kWh,0.75,219.75,Scope 2
B0044,Pharmacy,2024-10,electricity,electricity_consumption,1559.0,kWh,0.508,791.972,Scope 2
B0044,Pharmacy,2024-10,electricity,electricity_consumption,387.0,kWh,0.75,290.25,Scope 2
B0044,Pharmacy,2024-11,electricity,electricity_consumption,1910.0,kWh,0.508,970.28,Scope 2
B0044,Pharmacy,2024-11,electricity,electricity_consumption,727.0,kWh,0.75,545.25,Scope 2
B0044,Pharmacy,2024-12,electricity,electricity_consumption,1365.0,kWh,0.508,693.42,Scope 2
B0044,Pharmacy,2024-12,electricity,electricity_consumption,172.0,kWh,0.75,129.0,Scope 2
B0045,Pharmacy,2024-01,electricity,electricity_consumption,849.0,kWh,0.508,431.292,Scope 2
B0045,Pharmacy,2024-01,electricity,electricity_consumption,281.0,kWh,0.75,210.75,Scope 2
B0045,Pharmacy,2024-02,electricity,electricity_consumption,1919.0,kWh,0.508,974.852,Scope 2
B0045,Pharmacy,2024-02,electricity,electricity_consumption,737.0,kWh,0.75,552.75,Scope 2
B0045,Pharmacy,2024-03,electricity,electricity_consumption,1243.0,kWh,0.508,631.444,Scope 2
B0045,Pharmacy,2024-03,electricity,electricity_consumption,261.0,kWh,0.75,195.75,Scope 2
B0045,Pharmacy,2024-04,electricity,electricity_consumption,1726.0,kWh,0.508,876.808,Scope 2
B0045,Pharmacy,2024-04,electricity,electricity_consumption,563.0,kWh,0.75,422.25,Scope 2
B0045,Pharmacy,2024-05,electricity,electricity_consumption,843.0,kWh,0.508,428.244,Scope 2
B0045,Pharmacy,2024-05,electricity,electricity_consumption,169.0,kWh,0.75,126.75,Scope 2
B0045,Pharmacy,2024-06,electricity,electricity_consumption,1747.0,kWh,0.508,887.476,Scope 2
B0045,Pharmacy,2024-06,electricity,electricity_consumption,544.0,kWh,0.75,408.0,Scope 2
B0045,Pharmacy,2024-07,electricity,electricity_consumption,1171.0,kWh,0.508,594.868,Scope 2
B0045,Pharmacy,2024-07,electricity,electricity_consumption,178.0,kWh,0.75,133.5,Scope 2
B0045,Pharmacy,2024-08,electricity,electricity_consumption,999.0,kWh,0.508,507.492,Scope 2
B0045,Pharmacy,2024-08,electricity,electricity_consumption,250.0,kWh,0.75,187.5,Scope 2
B0045,Pharmacy,2024-09,electricity,electricity_consumption,1270.0,kWh,0.508,645.16,Scope 2
B0045,Pharmacy,2024-09,electricity,electricity_consumption,475.0,kWh,0.75,356.25,Scope 2
B0045,Pharmacy,2024-10,electricity,electricity_consumption,950.0,kWh,0.508,482.6,Scope 2
B0045,Pharmacy,2024-10,electricity,electricity_consumption,297.0,kWh,0.75,222.75,Scope 2
B0045,Pharmacy,2024-11,electricity,electricity_consumption,933.0,kWh,0.508,473.964,Scope 2
B0045,Pharmacy,2024-11,electricity,electricity_consumption,136.0,kWh,0.75,102.0,Scope 2
B0045,Pharmacy,2024-12,electricity,electricity_consumption,1933.0,kWh,0.508,981.964,Scope 2
B0045,Pharmacy,2024-12,electricity,electricity_consumption,238.0,kWh,0.75,178.5,Scope 2
B0046,Pharmacy,2024-01,electricity,electricity_consumption,1249.0,kWh,0.508,634.492,Scope 2
B0046,Pharmacy,2024-01,electricity,electricity_consumption,150.0,kWh,0.75,112.5,Scope 2
B0046,Pharmacy,2024-02,electricity,electricity_consumption,1137.0,kWh,0.508,577.596,Scope 2
B0046,Pharmacy,2024-02,electricity,electricity_consumption,314.0,kWh,0.75,235.5,Scope 2
B0046,Pharmacy,2024-03,electricity,electricity_consumption,1620.0,kWh,0.508,822.96,Scope 2
B0046,Pharmacy,2024-03,electricity,electricity_consumption,638.0,kWh,0.75,478.5,Scope 2
B0046,Pharmacy,2024-04,electricity,electricity_consumption,1914.0,kWh,0.508,972.312,Scope 2
B0046,Pharmacy,2024-04,electricity,electricity_consumption,460.0,kWh,0.75,345.0,Scope 2
B0046,Pharmacy,2024-05,electricity,electricity_consumption,1009.0,kWh,0.508,512.572,Scope 2
B0046,Pharmacy,2024-05,electricity,electricity_consumption,153.0,kWh,0.75,114.75,Scope 2
B0046,Pharmacy,2024-06,electricity,electricity_consumption,881.0,kWh,0.508,447.548,Scope 2
B0046,Pharmacy,2024-06,electricity,electricity_consumption,96.0,kWh,0.75,72.0,Scope 2
B0046,Pharmacy,2024-07,electricity,electricity_consumption,1110.0,kWh,0.508,563.88,Scope 2
B0046,Pharmacy,2024-07,electricity,electricity_consumption,185.0,kWh,0.75,138.75,Scope 2
B0046,Pharmacy,2024-08,electricity,electricity_consumption,1596.0,kWh,0.508,810.768,Scope 2
B0046,Pharmacy,2024-08,electricity,electricity_consumption,595.0,kWh,0.75,446.25,Scope 2
B0046,Pharmacy,2024-09,electricity,electricity_consumption,1271.0,kWh,0.508,645.668,Scope 2
B0046,Pharmacy,2024-09,electricity,electricity_consumption,209.0,kWh,0.75,156.75,Scope 2
B0046,Pharmacy,2024-10,electricity,electricity_consumption,1055.0,kWh,0.508,535.94,Scope 2
B0046,Pharmacy,2024-10,electricity,electricity_consumption,201.0,kWh,0.75,150.75,Scope 2
B0046,Pharmacy,2024-11,electricity,electricity_consumption,1320.0,kWh,0.508,670.5600000000001,Scope 2
B0046,Pharmacy,2024-11,electricity,electricity_consumption,468.0,kWh,0.75,351.0,Scope 2
B0046,Pharmacy,2024-12,electricity,electricity_consumption,873.0,kWh,0.508,443.484,Scope 2
B0046,Pharmacy,2024-12,electricity,electricity_consumption,276.0,kWh,0.75,207.0,Scope 2
B0047,Pharmacy,2024-01,electricity,electricity_consumption,1725.0,kWh,0.508,876.3000000000001,Scope 2
B0047,Pharmacy,2024-01,electricity,electricity_consumption,270.0,kWh,0.75,202.5,Scope 2
B0047,Pharmacy,2024-02,electricity,electricity_consumption,1639.0,kWh,0.508,832.612,Scope 2
B0047,Pharmacy,2024-02,electricity,electricity_consumption,402.0,kWh,0.75,301.5,Scope 2
B0047,Pharmacy,2024-03,electricity,electricity_consumption,1358.0,kWh,0.508,689.864,Scope 2
B0047,Pharmacy,2024-03,electricity,electricity_consumption,347.0,kWh,0.75,260.25,Scope 2
B0047,Pharmacy,2024-04,electricity,electricity_consumption,1967.0,kWh,0.508,999.236,Scope 2
B0047,Pharmacy,2024-04,electricity,electricity_consumption,768.0,kWh,0.75,576.0,Scope 2
B0047,Pharmacy,2024-05,electricity,electricity_consumption,1888.0,kWh,0.508,959.104,Scope 2
B0047,Pharmacy,2024-05,electricity,electricity_consumption,699.0,kWh,0.75,524.25,Scope 2
B0047,Pharmacy,2024-06,electricity,electricity_consumption,1170.0,kWh,0.508,594.36,Scope 2
B0047,Pharmacy,2024-06,electricity,electricity_consumption,453.0,kWh,0.75,339.75,Scope 2
B0047,Pharmacy,2024-07,electricity,electricity_consumption,1545.0,kWh,0.508,784.86,Scope 2
B0047,Pharmacy,2024-07,electricity,electricity_consumption,164.0,kWh,0.75,123.0,Scope 2
B0047,Pharmacy,2024-08,electricity,electricity_consumption,1933.0,kWh,0.508,981.964,Scope 2
B0047,Pharmacy,2024-08,electricity,electricity_consumption,321.0,kWh,0.75,240.75,Scope 2
B0047,Pharmacy,2024-09,electricity,electricity_consumption,1883.0,kWh,0.508,956.564,Scope 2
B0047,Pharmacy,2024-09,electricity,electricity_consumption,539.0,kWh,0.75,404.25,Scope 2
B0047,Pharmacy,2024-10,electricity,electricity_consumption,1283.0,kWh,0.508,651.764,Scope 2
B0047,Pharmacy,2024-10,electricity,electricity_consumption,154.0,kWh,0.75,115.5,Scope 2
B0047,Pharmacy,2024-11,electricity,electricity_consumption,1689.0,kWh,0.508,858.0120000000001,Scope 2
B0047,Pharmacy,2024-11,electricity,electricity_consumption,539.0,kWh,0.75,404.25,Scope 2
B0047,Pharmacy,2024-12,electricity,electricity_consumption,1245.0,kWh,0.508,632.46,Scope 2
B0047,Pharmacy,2024-12,electricity,electricity_consumption,419.0,kWh,0.75,314.25,Scope 2
B0048,Pharmacy,2024-01,electricity,electricity_consumption,1846.0,kWh,0.508,937.768,Scope 2
B0048,Pharmacy,2024-01,electricity,electricity_consumption,292.0,kWh,0.75,219.0,Scope 2
B0048,Pharmacy,2024-02,electricity,electricity_consumption,1532.0,kWh,0.508,778.256,Scope 2
B0048,Pharmacy,2024-02,electricity,electricity_consumption,240.0,kWh,0.75,180.0,Scope 2
B0048,Pharmacy,2024-03,electricity,electricity_consumption,1438.0,kWh,0.508,730.504,Scope 2
B0048,Pharmacy,2024-03,electricity,electricity_consumption,454.0,kWh,0.75,340.5,Scope 2
B0048,Pharmacy,2024-04,electricity,electricity_consumption,926.0,kWh,0.508,470.408,Scope 2
B0048,Pharmacy,2024-04,electricity,electricity_consumption,211.0,kWh,0.75,158.25,Scope 2
B0048,Pharmacy,2024-05,electricity,electricity_consumption,1328.0,kWh,0.508,674.624,Scope 2
B0048,Pharmacy,2024-05,electricity,electricity_consumption,282.0,kWh,0.75,211.5,Scope 2
B0048,Pharmacy,2024-06,electricity,electricity_consumption,1462.0,kWh,0.508,742.696,Scope 2
B0048,Pharmacy,2024-06,electricity,electricity_consumption,465.0,kWh,0.75,348.75,Scope 2
B0048,Pharmacy,2024-07,electricity,electricity_consumption,1003.0,kWh,0.508,509.524,Scope 2
B0048,Pharmacy,2024-07,electricity,electricity_consumption,297.0,kWh,0.75,222.75,Scope 2
B0048,Pharmacy,2024-08,electricity,electricity_consumption,1797.0,kWh,0.508,912.876,Scope 2
B0048,Pharmacy,2024-08,electricity,electricity_consumption,631.0,kWh,0.75,473.25,Scope 2
B0048,Pharmacy,2024-09,electricity,electricity_consumption,1552.0,kWh,0.508,788.416,Scope 2
B0048,Pharmacy,2024-09,electricity,electricity_consumption,388.0,kWh,0.75,291.0,Scope 2
B0048,Pharmacy,2024-10,electricity,electricity_consumption,992.0,kWh,0.508,503.936,Scope 2
B0048,Pharmacy,2024-10,electricity,electricity_consumption,392.0,kWh,0.75,294.0,Scope 2
B0048,Pharmacy,2024-11,electricity,electricity_consumption,1289.0,kWh,0.508,654.812,Scope 2
B0048,Pharmacy,2024-11,electricity,electricity_consumption,476.0,kWh,0.75,357.0,Scope 2
B0048,Pharmacy,2024-12,electricity,electricity_consumption,1480.0,kWh,0.508,751.84,Scope 2
B0048,Pharmacy,2024-12,electricity,electricity_consumption,250.0,kWh,0.75,187.5,Scope 2
B0049,Pharmacy,2024-01,electricity,electricity_consumption,1924.0,kWh,0.508,977.392,Scope 2
B0049,Pharmacy,2024-01,electricity,electricity_consumption,628.0,kWh,0.75,471.0,Scope 2
B0049,Pharmacy,2024-02,electricity,electricity_consumption,1200.0,kWh,0.508,609.6,Scope 2
B0049,Pharmacy,2024-02,electricity,electricity_consumption,234.0,kWh,0.75,175.5,Scope 2
B0049,Pharmacy,2024-03,electricity,electricity_consumption,1088.0,kWh,0.508,552.704,Scope 2
B0049,Pharmacy,2024-03,electricity,electricity_consumption,355.0,kWh,0.75,266.25,Scope 2
B0049,Pharmacy,2024-04,electricity,electricity_consumption,906.0,kWh,0.508,460.248,Scope 2
B0049,Pharmacy,2024-04,electricity,electricity_consumption,133.0,kWh,0.75,99.75,Scope 2
B0049,Pharmacy,2024-05,electricity,electricity_consumption,1374.0,kWh,0.508,697.992,Scope 2
B0049,Pharmacy,2024-05,electricity,electricity_consumption,359.0,kWh,0.75,269.25,Scope 2
B0049,Pharmacy,2024-06,electricity,electricity_consumption,1525.0,kWh,0.508,774.7,Scope 2
B0049,Pharmacy,2024-06,electricity,electricity_consumption,325.0,kWh,0.75,243.75,Scope 2
B0049,Pharmacy,2024-07,electricity,electricity_consumption,1508.0,kWh,0.508,766.064,Scope 2
B0049,Pharmacy,2024-07,electricity,electricity_consumption,565.0,kWh,0.75,423.75,Scope 2
B0049,Pharmacy,2024-08,electricity,electricity_consumption,1859.0,kWh,0.508,944.372,Scope 2
B0049,Pharmacy,2024-08,electricity,electricity_consumption,261.0,kWh,0.75,195.75,Scope 2
B0049,Pharmacy,2024-09,electricity,electricity_consumption,852.0,kWh,0.508,432.816,Scope 2
B0049,Pharmacy,2024-09,electricity,electricity_consumption,296.0,kWh,0.75,222.0,Scope 2
B0049,Pharmacy,2024-10,electricity,electricity_consumption,1194.0,kWh,0.508,606.552,Scope 2
B0049,Pharmacy,2024-10,electricity,electricity_consumption,291.0,kWh,0.75,218.25,Scope 2
B0049,Pharmacy,2024-11,electricity,electricity_consumption,1164.0,kWh,0.508,591.312,Scope 2
B0049,Pharmacy,2024-11,electricity,electricity_consumption,306.0,kWh,0.75,229.5,Scope 2
B0049,Pharmacy,2024-12,electricity,electricity_consumption,1850.0,kWh,0.508,939.8,Scope 2
B0049,Pharmacy,2024-12,electricity,electricity_consumption,400.0,kWh,0.75,300.0,Scope 2
B0050,Pharmacy,2024-01,electricity,electricity_consumption,1993.0,kWh,0.508,1012.444,Scope 2
B0050,Pharmacy,2024-01,electricity,electricity_consumption,333.0,kWh,0.75,249.75,Scope 2
B0050,Pharmacy,2024-02,electricity,electricity_consumption,1802.0,kWh,0.508,915.416,Scope 2
B0050,Pharmacy,2024-02,electricity,electricity_consumption,387.0,kWh,0.75,290.25,Scope 2
B0050,Pharmacy,2024-03,electricity,electricity_consumption,821.0,kWh,0.508,417.068,Scope 2
B0050,Pharmacy,2024-03,electricity,electricity_consumption,264.0,kWh,0.75,198.0,Scope 2
B0050,Pharmacy,2024-04,electricity,electricity_consumption,1417.0,kWh,0.508,719.836,Scope 2
B0050,Pharmacy,2024-04,electricity,electricity_consumption,304.0,kWh,0.75,228.0,Scope 2
B0050,Pharmacy,2024-05,electricity,electricity_consumption,1127.0,kWh,0.508,572.516,Scope 2
B0050,Pharmacy,2024-05,electricity,electricity_consumption,217.0,kWh,0.75,162.75,Scope 2
B0050,Pharmacy,2024-06,electricity,electricity_consumption,1205.0,kWh,0.508,612.14,Scope 2
B0050,Pharmacy,2024-06,electricity,electricity_consumption,312.0,kWh,0.75,234.0,Scope 2
B0050,Pharmacy,2024-07,electricity,electricity_consumption,1633.0,kWh,0.508,829.564,Scope 2
B0050,Pharmacy,2024-07,electricity,electricity_consumption,512.0,kWh,0.75,384.0,Scope 2
B0050,Pharmacy,2024-08,electricity,electricity_consumption,1045.0,kWh,0.508,530.86,Scope 2
B0050,Pharmacy,2024-08,electricity,electricity_consumption,196.0,kWh,0.75,147.0,Scope 2
B0050,Pharmacy,2024-09,electricity,electricity_consumption,1311.0,kWh,0.508,665.988,Scope 2
B0050,Pharmacy,2024-09,electricity,electricity_consumption,300.0,kWh,0.75,225.0,Scope 2
B0050,Pharmacy,2024-10,electricity,electricity_consumption,1589.0,kWh,0.508,807.212,Scope 2
B0050,Pharmacy,2024-10,electricity,electricity_consumption,411.0,kWh,0.75,308.25,Scope 2
B0050,Pharmacy,2024-11,electricity,electricity_consumption,895.0,kWh,0.508,454.66,Scope 2
B0050,Pharmacy,2024-11,electricity,electricity_consumption,236.0,kWh,0.75,177.0,Scope 2
B0050,Pharmacy,2024-12,electricity,electricity_consumption,1674.0,kWh,0.508,850.392,Scope 2
B0050,Pharmacy,2024-12,electricity,electricity_consumption,291.0,kWh,0.75,218.25,Scope 2
B0051,FuelStation,2024-01,electricity,electricity_consumption,11088.0,kWh,0.508,5632.704,Scope 2
B0051,FuelStation,2024-01,electricity,electricity_consumption,3074.0,kWh,0.75,2305.5,Scope 2
B0051,FuelStation,2024-02,electricity,electricity_consumption,6476.0,kWh,0.508,3289.808,Scope 2
B0051,FuelStation,2024-02,electricity,electricity_consumption,1914.0,kWh,0.75,1435.5,Scope 2
B0051,FuelStation,2024-03,electricity,electricity_consumption,8155.0,kWh,0.508,4142.74,Scope 2
B0051,FuelStation,2024-03,electricity,electricity_consumption,2307.0,kWh,0.75,1730.25,Scope 2
B0051,FuelStation,2024-04,electricity,electricity_consumption,9596.0,kWh,0.508,4874.768,Scope 2
B0051,FuelStation,2024-04,electricity,electricity_consumption,3040.0,kWh,0.75,2280.0,Scope 2
B0051,FuelStation,2024-05,electricity,electricity_consumption,7079.0,kWh,0.508,3596.132,Scope 2
B0051,FuelStation,2024-05,electricity,electricity_consumption,2332.0,kWh,0.75,1749.0,Scope 2
B0051,FuelStation,2024-06,electricity,electricity_consumption,6330.0,kWh,0.508,3215.64,Scope 2
B0051,FuelStation,2024-06,electricity,electricity_consumption,1031.0,kWh,0.75,773.25,Scope 2
B0051,FuelStation,2024-07,electricity,electricity_consumption,11129.0,kWh,0.508,5653.532,Scope 2
B0051,FuelStation,2024-07,electricity,electricity_consumption,3987.0,kWh,0.75,2990.25,Scope 2
B0051,FuelStation,2024-08,electricity,electricity_consumption,7726.0,kWh,0.508,3924.808,Scope 2
B0051,FuelStation,2024-08,electricity,electricity_consumption,2174.0,kWh,0.75,1630.5,Scope 2
B0051,FuelStation,2024-09,electricity,electricity_consumption,5634.0,kWh,0.508,2862.072,Scope 2
B0051,FuelStation,2024-09,electricity,electricity_consumption,1335.0,kWh,0.75,1001.25,Scope 2
B0051,FuelStation,2024-10,electricity,electricity_consumption,11766.0,kWh,0.508,5977.128,Scope 2
B0051,FuelStation,2024-10,electricity,electricity_consumption,4433.0,kWh,0.75,3324.75,Scope 2
B0051,FuelStation,2024-11,electricity,electricity_consumption,10237.0,kWh,0.508,5200.396,Scope 2
B0051,FuelStation,2024-11,electricity,electricity_consumption,3828.0,kWh,0.75,2871.0,Scope 2
B0051,FuelStation,2024-12,electricity,electricity_consumption,7727.0,kWh,0.508,3925.316,Scope 2
B0051,FuelStation,2024-12,electricity,electricity_consumption,2246.0,kWh,0.75,1684.5,Scope 2
B0052,FuelStation,2024-01,electricity,electricity_consumption,7320.0,kWh,0.508,3718.56,Scope 2
B0052,FuelStation,2024-01,electricity,electricity_consumption,1399.0,kWh,0.75,1049.25,Scope 2
B0052,FuelStation,2024-02,electricity,electricity_consumption,10494.0,kWh,0.508,5330.952,Scope 2
B0052,FuelStation,2024-02,electricity,electricity_consumption,3344.0,kWh,0.75,2508.0,Scope 2
B0052,FuelStation,2024-03,electricity,electricity_consumption,8984.0,kWh,0.508,4563.872,Scope 2
B0052,FuelStation,2024-03,electricity,electricity_consumption,3216.0,kWh,0.75,2412.0,Scope 2
B0052,FuelStation,2024-04,electricity,electricity_consumption,5580.0,kWh,0.508,2834.64,Scope 2
B0052,FuelStation,2024-04,electricity,electricity_consumption,1050.0,kWh,0.75,787.5,Scope 2
B0052,FuelStation,2024-05,electricity,electricity_consumption,5147.0,kWh,0.508,2614.676,Scope 2
B0052,FuelStation,2024-05,electricity,electricity_consumption,1986.0,kWh,0.75,1489.5,Scope 2
B0052,FuelStation,2024-06,electricity,electricity_consumption,9918.0,kWh,0.508,5038.344,Scope 2
B0052,FuelStation,2024-06,electricity,electricity_consumption,2718.0,kWh,0.75,2038.5,Scope 2
B0052,FuelStation,2024-07,electricity,electricity_consumption,6313.0,kWh,0.508,3207.004,Scope 2
B0052,FuelStation,2024-07,electricity,electricity_consumption,1376.0,kWh,0.75,1032.0,Scope 2
B0052,FuelStation,2024-08,electricity,electricity_consumption,11244.0,kWh,0.508,5711.952,Scope 2
B0052,FuelStation,2024-08,electricity,electricity_consumption,3096.0,kWh,0.75,2322.0,Scope 2
B0052,FuelStation,2024-09,electricity,electricity_consumption,9344.0,kWh,0.508,4746.752,Scope 2
B0052,FuelStation,2024-09,electricity,electricity_consumption,3325.0,kWh,0.75,2493.75,Scope 2
B0052,FuelStation,2024-10,electricity,electricity_consumption,10652.0,kWh,0.508,5411.216,Scope 2
B0052,FuelStation,2024-10,electricity,electricity_consumption,1882.0,kWh,0.75,1411.5,Scope 2
B0052,FuelStation,2024-11,electricity,electricity_consumption,7475.0,kWh,0.508,3797.3,Scope 2
B0052,FuelStation,2024-11,electricity,electricity_consumption,2474.0,kWh,0.75,1855.5,Scope 2
B0052,FuelStation,2024-12,electricity,electricity_consumption,8722.0,kWh,0.508,4430.776,Scope 2
B0052,FuelStation,2024-12,electricity,electricity_consumption,1566.0,kWh,0.75,1174.5,Scope 2
B0053,FuelStation,2024-01,electricity,electricity_consumption,11401.0,kWh,0.508,5791.708,Scope 2
B0053,FuelStation,2024-01,electricity,electricity_consumption,1583.0,kWh,0.75,1187.25,Scope 2
B0053,FuelStation,2024-02,electricity,electricity_consumption,6175.0,kWh,0.508,3136.9,Scope 2
B0053,FuelStation,2024-02,electricity,electricity_consumption,1695.0,kWh,0.75,1271.25,Scope 2
B0053,FuelStation,2024-03,electricity,electricity_consumption,6065.0,kWh,0.508,3081.02,Scope 2
B0053,FuelStation,2024-03,electricity,electricity_consumption,2022.0,kWh,0.75,1516.5,Scope 2
B0053,FuelStation,2024-04,electricity,electricity_consumption,8379.0,kWh,0.508,4256.532,Scope 2
B0053,FuelStation,2024-04,electricity,electricity_consumption,1462.0,kWh,0.75,1096.5,Scope 2
B0053,FuelStation,2024-05,electricity,electricity_consumption,10186.0,kWh,0.508,5174.488,Scope 2
B0053,FuelStation,2024-05,electricity,electricity_consumption,1254.0,kWh,0.75,940.5,Scope 2
B0053,FuelStation,2024-06,electricity,electricity_consumption,8978.0,kWh,0.508,4560.824,Scope 2
B0053,FuelStation,2024-06,electricity,electricity_consumption,2674.0,kWh,0.75,2005.5,Scope 2
B0053,FuelStation,2024-07,electricity,electricity_consumption,7825.0,kWh,0.508,3975.1,Scope 2
B0053,FuelStation,2024-07,electricity,electricity_consumption,2009.0,kWh,0.75,1506.75,Scope 2
B0053,FuelStation,2024-08,electricity,electricity_consumption,9715.0,kWh,0.508,4935.22,Scope 2
B0053,FuelStation,2024-08,electricity,electricity_consumption,2144.0,kWh,0.75,1608.0,Scope 2
B0053,FuelStation,2024-09,electricity,electricity_consumption,7518.0,kWh,0.508,3819.144,Scope 2
B0053,FuelStation,2024-09,electricity,electricity_consumption,1213.0,kWh,0.75,909.75,Scope 2
B0053,FuelStation,2024-10,electricity,electricity_consumption,11849.0,kWh,0.508,6019.292,Scope 2
B0053,FuelStation,2024-10,electricity,electricity_consumption,2905.0,kWh,0.75,2178.75,Scope 2
B0053,FuelStation,2024-11,electricity,electricity_consumption,9804.0,kWh,0.508,4980.432,Scope 2
B0053,FuelStation,2024-11,electricity,electricity_consumption,3049.0,kWh,0.75,2286.75,Scope 2
B0053,FuelStation,2024-12,electricity,electricity_consumption,11448.0,kWh,0.508,5815.584,Scope 2
B0053,FuelStation,2024-12,electricity,electricity_consumption,1864.0,kWh,0.75,1398.0,Scope 2
B0054,FuelStation,2024-01,electricity,electricity_consumption,5947.0,kWh,0.508,3021.076,Scope 2
B0054,FuelStation,2024-01,electricity,electricity_consumption,754.0,kWh,0.75,565.5,Scope 2
B0054,FuelStation,2024-02,electricity,electricity_consumption,10241.0,kWh,0.508,5202.428,Scope 2
B0054,FuelStation,2024-02,electricity,electricity_consumption,3870.0,kWh,0.75,2902.5,Scope 2
B0054,FuelStation,2024-03,electricity,electricity_consumption,9793.0,kWh,0.508,4974.844,Scope 2
B0054,FuelStation,2024-03,electricity,electricity_consumption,2949.0,kWh,0.75,2211.75,Scope 2
B0054,FuelStation,2024-04,electricity,electricity_consumption,9047.0,kWh,0.508,4595.876,Scope 2
B0054,FuelStation,2024-04,electricity,electricity_consumption,1531.0,kWh,0.75,1148.25,Scope 2
B0054,FuelStation,2024-05,electricity,electricity_consumption,11881.0,kWh,0.508,6035.548,Scope 2
B0054,FuelStation,2024-05,electricity,electricity_consumption,4142.0,kWh,0.75,3106.5,Scope 2
B0054,FuelStation,2024-06,electricity,electricity_consumption,5929.0,kWh,0.508,3011.932,Scope 2
B0054,FuelStation,2024-06,electricity,electricity_consumption,1643.0,kWh,0.75,1232.25,Scope 2
B0054,FuelStation,2024-07,electricity,electricity_consumption,6033.0,kWh,0.508,3064.764,Scope 2
B0054,FuelStation,2024-07,electricity,electricity_consumption,1853.0,kWh,0.75,1389.75,Scope 2
B0054,FuelStation,2024-08,electricity,electricity_consumption,9807.0,kWh,0.508,4981.956,Scope 2
B0054,FuelStation,2024-08,electricity,electricity_consumption,3456.0,kWh,0.75,2592.0,Scope 2
B0054,FuelStation,2024-09,electricity,electricity_consumption,7394.0,kWh,0.508,3756.152,Scope 2
B0054,FuelStation,2024-09,electricity,electricity_consumption,2085.0,kWh,0.75,1563.75,Scope 2
B0054,FuelStation,2024-10,electricity,electricity_consumption,10591.0,kWh,0.508,5380.228,Scope 2
B0054,FuelStation,2024-10,electricity,electricity_consumption,1277.0,kWh,0.75,957.75,Scope 2
B0054,FuelStation,2024-11,electricity,electricity_consumption,11671.0,kWh,0.508,5928.868,Scope 2
B0054,FuelStation,2024-11,electricity,electricity_consumption,1807.0,kWh,0.75,1355.25,Scope 2
B0054,FuelStation,2024-12,electricity,electricity_consumption,9745.0,kWh,0.508,4950.46,Scope 2
B0054,FuelStation,2024-12,electricity,electricity_consumption,974.0,kWh,0.75,730.5,Scope 2
B0055,FuelStation,2024-01,electricity,electricity_consumption,6690.0,kWh,0.508,3398.52,Scope 2
B0055,FuelStation,2024-01,electricity,electricity_consumption,2278.0,kWh,0.75,1708.5,Scope 2
B0055,FuelStation,2024-02,electricity,electricity_consumption,11944.0,kWh,0.508,6067.552,Scope 2
B0055,FuelStation,2024-02,electricity,electricity_consumption,4672.0,kWh,0.75,3504.0,Scope 2
B0055,FuelStation,2024-03,electricity,electricity_consumption,8948.0,kWh,0.508,4545.584,Scope 2
B0055,FuelStation,2024-03,electricity,electricity_consumption,2212.0,kWh,0.75,1659.0,Scope 2
B0055,FuelStation,2024-04,electricity,electricity_consumption,11742.0,kWh,0.508,5964.936,Scope 2
B0055,FuelStation,2024-04,electricity,electricity_consumption,2095.0,kWh,0.75,1571.25,Scope 2
B0055,FuelStation,2024-05,electricity,electricity_consumption,6592.0,kWh,0.508,3348.736,Scope 2
B0055,FuelStation,2024-05,electricity,electricity_consumption,2423.0,kWh,0.75,1817.25,Scope 2
B0055,FuelStation,2024-06,electricity,electricity_consumption,10401.0,kWh,0.508,5283.708,Scope 2
B0055,FuelStation,2024-06,electricity,electricity_consumption,3123.0,kWh,0.75,2342.25,Scope 2
B0055,FuelStation,2024-07,electricity,electricity_consumption,7509.0,kWh,0.508,3814.572,Scope 2
B0055,FuelStation,2024-07,electricity,electricity_consumption,1015.0,kWh,0.75,761.25,Scope 2
B0055,FuelStation,2024-08,electricity,electricity_consumption,9710.0,kWh,0.508,4932.68,Scope 2
B0055,FuelStation,2024-08,electricity,electricity_consumption,3257.0,kWh,0.75,2442.75,Scope 2
B0055,FuelStation,2024-09,electricity,electricity_consumption,8580.0,kWh,0.508,4358.64,Scope 2
B0055,FuelStation,2024-09,electricity,electricity_consumption,3222.0,kWh,0.75,2416.5,Scope 2
B0055,FuelStation,2024-10,electricity,electricity_consumption,11501.0,kWh,0.508,5842.508,Scope 2
B0055,FuelStation,2024-10,electricity,electricity_consumption,3290.0,kWh,0.75,2467.5,Scope 2
B0055,FuelStation,2024-11,electricity,electricity_consumption,11958.0,kWh,0.508,6074.664,Scope 2
B0055,FuelStation,2024-11,electricity,electricity_consumption,1999.0,kWh,0.75,1499.25,Scope 2
B0055,FuelStation,2024-12,electricity,electricity_consumption,5079.0,kWh,0.508,2580.132,Scope 2
B0055,FuelStation,2024-12,electricity,electricity_consumption,1146.0,kWh,0.75,859.5,Scope 2
B0056,FuelStation,2024-01,electricity,electricity_consumption,9122.0,kWh,0.508,4633.976,Scope 2
B0056,FuelStation,2024-01,electricity,electricity_consumption,3070.0,kWh,0.75,2302.5,Scope 2
B0056,FuelStation,2024-02,electricity,electricity_consumption,6790.0,kWh,0.508,3449.32,Scope 2
B0056,FuelStation,2024-02,electricity,electricity_consumption,2219.0,kWh,0.75,1664.25,Scope 2
B0056,FuelStation,2024-03,electricity,electricity_consumption,10799.0,kWh,0.508,5485.892,Scope 2
B0056,FuelStation,2024-03,electricity,electricity_consumption,2968.0,kWh,0.75,2226.0,Scope 2
B0056,FuelStation,2024-04,electricity,electricity_consumption,9282.0,kWh,0.508,4715.256,Scope 2
B0056,FuelStation,2024-04,electricity,electricity_consumption,1252.0,kWh,0.75,939.0,Scope 2
B0056,FuelStation,2024-05,electricity,electricity_consumption,7765.0,kWh,0.508,3944.62,Scope 2
B0056,FuelStation,2024-05,electricity,electricity_consumption,2324.0,kWh,0.75,1743.0,Scope 2
B0056,FuelStation,2024-06,electricity,electricity_consumption,5557.0,kWh,0.508,2822.956,Scope 2
B0056,FuelStation,2024-06,electricity,electricity_consumption,910.0,kWh,0.75,682.5,Scope 2
B0056,FuelStation,2024-07,electricity,electricity_consumption,10401.0,kWh,0.508,5283.708,Scope 2
B0056,FuelStation,2024-07,electricity,electricity_consumption,3176.0,kWh,0.75,2382.0,Scope 2
B0056,FuelStation,2024-08,electricity,electricity_consumption,10511.0,kWh,0.508,5339.588,Scope 2
B0056,FuelStation,2024-08,electricity,electricity_consumption,3236.0,kWh,0.75,2427.0,Scope 2
B0056,FuelStation,2024-09,electricity,electricity_consumption,7758.0,kWh,0.508,3941.064,Scope 2
B0056,FuelStation,2024-09,electricity,electricity_consumption,982.0,kWh,0.75,736.5,Scope 2
B0056,FuelStation,2024-10,electricity,electricity_consumption,8138.0,kWh,0.508,4134.104,Scope 2
B0056,FuelStation,2024-10,electricity,electricity_consumption,2187.0,kWh,0.75,1640.25,Scope 2
B0056,FuelStation,2024-11,electricity,electricity_consumption,6057.0,kWh,0.508,3076.956,Scope 2
B0056,FuelStation,2024-11,electricity,electricity_consumption,2219.0,kWh,0.75,1664.25,Scope 2
B0056,FuelStation,2024-12,electricity,electricity_consumption,11927.0,kWh,0.508,6058.916,Scope 2
B0056,FuelStation,2024-12,electricity,electricity_consumption,3813.0,kWh,0.75,2859.75,Scope 2
B0057,FuelStation,2024-01,electricity,electricity_consumption,7360.0,kWh,0.508,3738.88,Scope 2
B0057,FuelStation,2024-01,electricity,electricity_consumption,1027.0,kWh,0.75,770.25,Scope 2
B0057,FuelStation,2024-02,electricity,electricity_consumption,9266.0,kWh,0.508,4707.128,Scope 2
B0057,FuelStation,2024-02,electricity,electricity_consumption,1535.0,kWh,0.75,1151.25,Scope 2
B0057,FuelStation,2024-03,electricity,electricity_consumption,10519.0,kWh,0.508,5343.652,Scope 2
B0057,FuelStation,2024-03,electricity,electricity_consumption,1217.0,kWh,0.75,912.75,Scope 2
B0057,FuelStation,2024-04,electricity,electricity_consumption,8596.0,kWh,0.508,4366.768,Scope 2
B0057,FuelStation,2024-04,electricity,electricity_consumption,2354.0,kWh,0.75,1765.5,Scope 2
B0057,FuelStation,2024-05,electricity,electricity_consumption,9116.0,kWh,0.508,4630.928,Scope 2
B0057,FuelStation,2024-05,electricity,electricity_consumption,2669.0,kWh,0.75,2001.75,Scope 2
B0057,FuelStation,2024-06,electricity,electricity_consumption,6194.0,kWh,0.508,3146.552,Scope 2
B0057,FuelStation,2024-06,electricity,electricity_consumption,1304.0,kWh,0.75,978.0,Scope 2
B0057,FuelStation,2024-07,electricity,electricity_consumption,7833.0,kWh,0.508,3979.164,Scope 2
B0057,FuelStation,2024-07,electricity,electricity_consumption,1378.0,kWh,0.75,1033.5,Scope 2
B0057,FuelStation,2024-08,electricity,electricity_consumption,8538.0,kWh,0.508,4337.304,Scope 2
B0057,FuelStation,2024-08,electricity,electricity_consumption,2889.0,kWh,0.75,2166.75,Scope 2
B0057,FuelStation,2024-09,electricity,electricity_consumption,8612.0,kWh,0.508,4374.896,Scope 2
B0057,FuelStation,2024-09,electricity,electricity_consumption,2493.0,kWh,0.75,1869.75,Scope 2
B0057,FuelStation,2024-10,electricity,electricity_consumption,7482.0,kWh,0.508,3800.856,Scope 2
B0057,FuelStation,2024-10,electricity,electricity_consumption,2410.0,kWh,0.75,1807.5,Scope 2
B0057,FuelStation,2024-11,electricity,electricity_consumption,11635.0,kWh,0.508,5910.58,Scope 2
B0057,FuelStation,2024-11,electricity,electricity_consumption,4063.0,kWh,0.75,3047.25,Scope 2
B0057,FuelStation,2024-12,electricity,electricity_consumption,7069.0,kWh,0.508,3591.052,Scope 2
B0057,FuelStation,2024-12,electricity,electricity_consumption,1791.0,kWh,0.75,1343.25,Scope 2
B0058,FuelStation,2024-01,electricity,electricity_consumption,11550.0,kWh,0.508,5867.4,Scope 2
B0058,FuelStation,2024-01,electricity,electricity_consumption,4352.0,kWh,0.75,3264.0,Scope 2
B0058,FuelStation,2024-02,electricity,electricity_consumption,11507.0,kWh,0.508,5845.5560000000005,Scope 2
B0058,FuelStation,2024-02,electricity,electricity_consumption,1949.0,kWh,0.75,1461.75,Scope 2
B0058,FuelStation,2024-03,electricity,electricity_consumption,5343.0,kWh,0.508,2714.244,Scope 2
B0058,FuelStation,2024-03,electricity,electricity_consumption,1002.0,kWh,0.75,751.5,Scope 2
B0058,FuelStation,2024-04,electricity,electricity_consumption,11253.0,kWh,0.508,5716.524,Scope 2
B0058,FuelStation,2024-04,electricity,electricity_consumption,1572.0,kWh,0.75,1179.0,Scope 2
B0058,FuelStation,2024-05,electricity,electricity_consumption,5228.0,kWh,0.508,2655.824,Scope 2
B0058,FuelStation,2024-05,electricity,electricity_consumption,634.0,kWh,0.75,475.5,Scope 2
B0058,FuelStation,2024-06,electricity,electricity_consumption,7065.0,kWh,0.508,3589.02,Scope 2
B0058,FuelStation,2024-06,electricity,electricity_consumption,1731.0,kWh,0.75,1298.25,Scope 2
B0058,FuelStation,2024-07,electricity,electricity_consumption,7552.0,kWh,0.508,3836.416,Scope 2
B0058,FuelStation,2024-07,electricity,electricity_consumption,1897.0,kWh,0.75,1422.75,Scope 2
B0058,FuelStation,2024-08,electricity,electricity_consumption,9671.0,kWh,0.508,4912.868,Scope 2
B0058,FuelStation,2024-08,electricity,electricity_consumption,1620.0,kWh,0.75,1215.0,Scope 2
B0058,FuelStation,2024-09,electricity,electricity_consumption,11563.0,kWh,0.508,5874.004,Scope 2
B0058,FuelStation,2024-09,electricity,electricity_consumption,4539.0,kWh,0.75,3404.25,Scope 2
B0058,FuelStation,2024-10,electricity,electricity_consumption,6447.0,kWh,0.508,3275.076,Scope 2
B0058,FuelStation,2024-10,electricity,electricity_consumption,1809.0,kWh,0.75,1356.75,Scope 2
B0058,FuelStation,2024-11,electricity,electricity_consumption,6517.0,kWh,0.508,3310.636,Scope 2
B0058,FuelStation,2024-11,electricity,electricity_consumption,1935.0,kWh,0.75,1451.25,Scope 2
B0058,FuelStation,2024-12,electricity,electricity_consumption,6872.0,kWh,0.508,3490.976,Scope 2
B0058,FuelStation,2024-12,electricity,electricity_consumption,2619.0,kWh,0.75,1964.25,Scope 2
B0059,FuelStation,2024-01,electricity,electricity_consumption,5584.0,kWh,0.508,2836.672,Scope 2
B0059,FuelStation,2024-01,electricity,electricity_consumption,1089.0,kWh,0.75,816.75,Scope 2
B0059,FuelStation,2024-02,electricity,electricity_consumption,8049.0,kWh,0.508,4088.892,Scope 2
B0059,FuelStation,2024-02,electricity,electricity_consumption,3095.0,kWh,0.75,2321.25,Scope 2
B0059,FuelStation,2024-03,electricity,electricity_consumption,5264.0,kWh,0.508,2674.112,Scope 2
B0059,FuelStation,2024-03,electricity,electricity_consumption,1412.0,kWh,0.75,1059.0,Scope 2
B0059,FuelStation,2024-04,electricity,electricity_consumption,11041.0,kWh,0.508,5608.828,Scope 2
B0059,FuelStation,2024-04,electricity,electricity_consumption,2446.0,kWh,0.75,1834.5,Scope 2
B0059,FuelStation,2024-05,electricity,electricity_consumption,8600.0,kWh,0.508,4368.8,Scope 2
B0059,FuelStation,2024-05,electricity,electricity_consumption,2666.0,kWh,0.75,1999.5,Scope 2
B0059,FuelStation,2024-06,electricity,electricity_consumption,8268.0,kWh,0.508,4200.144,Scope 2
B0059,FuelStation,2024-06,electricity,electricity_consumption,3180.0,kWh,0.75,2385.0,Scope 2
B0059,FuelStation,2024-07,electricity,electricity_consumption,10869.0,kWh,0.508,5521.452,Scope 2
B0059,FuelStation,2024-07,electricity,electricity_consumption,4201.0,kWh,0.75,3150.75,Scope 2
B0059,FuelStation,2024-08,electricity,electricity_consumption,6625.0,kWh,0.508,3365.5,Scope 2
B0059,FuelStation,2024-08,electricity,electricity_consumption,2473.0,kWh,0.75,1854.75,Scope 2
B0059,FuelStation,2024-09,electricity,electricity_consumption,7020.0,kWh,0.508,3566.16,Scope 2
B0059,FuelStation,2024-09,electricity,electricity_consumption,2775.0,kWh,0.75,2081.25,Scope 2
B0059,FuelStation,2024-10,electricity,electricity_consumption,5695.0,kWh,0.508,2893.06,Scope 2
B0059,FuelStation,2024-10,electricity,electricity_consumption,1676.0,kWh,0.75,1257.0,Scope 2
B0059,FuelStation,2024-11,electricity,electricity_consumption,9282.0,kWh,0.508,4715.256,Scope 2
B0059,FuelStation,2024-11,electricity,electricity_consumption,1106.0,kWh,0.75,829.5,Scope 2
B0059,FuelStation,2024-12,electricity,electricity_consumption,7797.0,kWh,0.508,3960.876,Scope 2
B0059,FuelStation,2024-12,electricity,electricity_consumption,1793.0,kWh,0.75,1344.75,Scope 2
B0060,FuelStation,2024-01,electricity,electricity_consumption,6334.0,kWh,0.508,3217.672,Scope 2
B0060,FuelStation,2024-01,electricity,electricity_consumption,699.0,kWh,0.75,524.25,Scope 2
B0060,FuelStation,2024-02,electricity,electricity_consumption,5623.0,kWh,0.508,2856.484,Scope 2
B0060,FuelStation,2024-02,electricity,electricity_consumption,713.0,kWh,0.75,534.75,Scope 2
B0060,FuelStation,2024-03,electricity,electricity_consumption,11691.0,kWh,0.508,5939.028,Scope 2
B0060,FuelStation,2024-03,electricity,electricity_consumption,4613.0,kWh,0.75,3459.75,Scope 2
B0060,FuelStation,2024-04,electricity,electricity_consumption,5321.0,kWh,0.508,2703.068,Scope 2
B0060,FuelStation,2024-04,electricity,electricity_consumption,1903.0,kWh,0.75,1427.25,Scope 2
B0060,FuelStation,2024-05,electricity,electricity_consumption,5172.0,kWh,0.508,2627.376,Scope 2
B0060,FuelStation,2024-05,electricity,electricity_consumption,1475.0,kWh,0.75,1106.25,Scope 2
B0060,FuelStation,2024-06,electricity,electricity_consumption,7175.0,kWh,0.508,3644.9,Scope 2
B0060,FuelStation,2024-06,electricity,electricity_consumption,1190.0,kWh,0.75,892.5,Scope 2
B0060,FuelStation,2024-07,electricity,electricity_consumption,7291.0,kWh,0.508,3703.828,Scope 2
B0060,FuelStation,2024-07,electricity,electricity_consumption,1720.0,kWh,0.75,1290.0,Scope 2
B0060,FuelStation,2024-08,electricity,electricity_consumption,11007.0,kWh,0.508,5591.5560000000005,Scope 2
B0060,FuelStation,2024-08,electricity,electricity_consumption,4170.0,kWh,0.75,3127.5,Scope 2
B0060,FuelStation,2024-09,electricity,electricity_consumption,10897.0,kWh,0.508,5535.676,Scope 2
B0060,FuelStation,2024-09,electricity,electricity_consumption,1299.0,kWh,0.75,974.25,Scope 2
B0060,FuelStation,2024-10,electricity,electricity_consumption,6757.0,kWh,0.508,3432.556,Scope 2
B0060,FuelStation,2024-10,electricity,electricity_consumption,2437.0,kWh,0.75,1827.75,Scope 2
B0060,FuelStation,2024-11,electricity,electricity_consumption,9127.0,kWh,0.508,4636.516,Scope 2
B0060,FuelStation,2024-11,electricity,electricity_consumption,1861.0,kWh,0.75,1395.75,Scope 2
B0060,FuelStation,2024-12,electricity,electricity_consumption,9204.0,kWh,0.508,4675.6320000000005,Scope 2
B0060,FuelStation,2024-12,electricity,electricity_consumption,1686.0,kWh,0.75,1264.5,Scope 2
B001,Bakery,2024-01,fuel,diesel,302.0,liter,2.68,809.36,Scope 1
B001,Bakery,2024-02,fuel,diesel,379.0,liter,2.68,1015.72,Scope 1
B001,Bakery,2024-03,fuel,diesel,292.0,liter,2.68,782.5600000000001,Scope 1
B002,Restaurant,2024-01,fuel,LPG,74.0,kg,3.01,222.74,Scope 1
B002,Restaurant,2024-01,fuel,petrol,27.0,liter,2.33,62.91,Scope 1
B002,Restaurant,2024-02,fuel,LPG,120.0,kg,3.01,361.2,Scope 1
B002,Restaurant,2024-02,fuel,petrol,40.0,liter,2.33,93.2,Scope 1
B002,Restaurant,2024-03,fuel,LPG,98.0,kg,3.01,294.98,Scope 1
B002,Restaurant,2024-03,fuel,petrol,38.0,liter,2.33,88.54,Scope 1
B003,FuelStation,2024-01,fuel,diesel,814.0,liter,2.68,2181.52,Scope 1
B003,FuelStation,2024-01,fuel,petrol,730.0,liter,2.33,1700.9,Scope 1
B003,FuelStation,2024-02,fuel,diesel,1058.0,liter,2.68,2835.44,Scope 1
B003,FuelStation,2024-02,fuel,petrol,487.0,liter,2.33,1134.71,Scope 1
B003,FuelStation,2024-03,fuel,diesel,972.0,liter,2.68,2604.96,Scope 1
B003,FuelStation,2024-03,fuel,petrol,499.0,liter,2.33,1162.67,Scope 1
B004,Pharmacy,2024-01,fuel,petrol,89.0,liter,2.33,207.37,Scope 1
B004,Pharmacy,2024-02,fuel,petrol,73.0,liter,2.33,170.09,Scope 1
B004,Pharmacy,2024-03,fuel,petrol,52.0,liter,2.33,121.16,Scope 1
B005,Supermarket,2024-01,fuel,diesel,549.0,liter,2.68,1471.3200000000002,Scope 1
B005,Supermarket,2024-01,fuel,petrol,152.0,liter,2.33,354.16,Scope 1
B005,Supermarket,2024-02,fuel,diesel,657.0,liter,2.68,1760.7600000000002,Scope 1
B005,Supermarket,2024-02,fuel,petrol,187.0,liter,2.33,435.71,Scope 1
B005,Supermarket,2024-03,fuel,diesel,693.0,liter,2.68,1857.24,Scope 1
B005,Supermarket,2024-03,fuel,petrol,229.0,liter,2.33,533.57,Scope 1
B006,SmallShop,2024-01,fuel,petrol,50.0,liter,2.33,116.5,Scope 1
B006,SmallShop,2024-02,fuel,petrol,62.0,liter,2.33,144.46,Scope 1
B006,SmallShop,2024-03,fuel,petrol,41.0,liter,2.33,95.53,Scope 1
B0001,Bakery,2024-01,waste,food_composting,87.34,kg,0.2,17.468,Scope 3
B0001,Bakery,2024-01,waste,plastic_landfill,53.38,kg,2.5,133.45000000000002,Scope 3
B0001,Bakery,2024-01,waste,paper_recycling,98.67,kg,-0.4,-39.468,Scope 3
B0001,Bakery,2024-02,waste,food_landfill,46.07,kg,1.4,64.49799999999999,Scope 3
B0001,Bakery,2024-02,waste,plastic_recycling,86.1,kg,-0.4,-34.44,Scope 3
B0001,Bakery,2024-02,waste,paper_recycling,36.35,kg,-0.4,-14.54,Scope 3
B0001,Bakery,2024-03,waste,food_composting,45.06,kg,0.2,9.012,Scope 3
B0001,Bakery,2024-03,waste,plastic_landfill,57.59,kg,2.5,143.97500000000002,Scope 3
B0001,Bakery,2024-03,waste,paper_landfill,26.64,kg,1.0,26.64,Scope 3
B0001,Bakery,2024-04,waste,food_landfill,50.39,kg,1.4,70.54599999999999,Scope 3
B0001,Bakery,2024-04,waste,plastic_recycling,23.17,kg,-0.4,-9.268,Scope 3
B0001,Bakery,2024-04,waste,paper_landfill,68.23,kg,1.0,68.23,Scope 3
B0001,Bakery,2024-05,waste,food_landfill,73.94,kg,1.4,103.516,Scope 3
B0001,Bakery,2024-05,waste,plastic_landfill,81.76,kg,2.5,204.4,Scope 3
B0001,Bakery,2024-05,waste,paper_landfill,85.71,kg,1.0,85.71,Scope 3
B0001,Bakery,2024-06,waste,food_composting,30.64,kg,0.2,6.128,Scope 3
B0001,Bakery,2024-06,waste,plastic_landfill,94.45,kg,2.5,236.125,Scope 3
B0001,Bakery,2024-06,waste,paper_landfill,24.84,kg,1.0,24.84,Scope 3
B0001,Bakery,2024-07,waste,food_composting,28.19,kg,0.2,5.638000000000001,Scope 3
B0001,Bakery,2024-07,waste,plastic_landfill,21.4,kg,2.5,53.5,Scope 3
B0001,Bakery,2024-07,waste,paper_recycling,68.14,kg,-0.4,-27.256,Scope 3
B0001,Bakery,2024-08,waste,food_landfill,59.26,kg,1.4,82.964,Scope 3
B0001,Bakery,2024-08,waste,plastic_landfill,96.04,kg,2.5,240.1,Scope 3
B0001,Bakery,2024-08,waste,paper_landfill,98.31,kg,1.0,98.31,Scope 3
B0001,Bakery,2024-09,waste,food_landfill,42.49,kg,1.4,59.486,Scope 3
B0001,Bakery,2024-09,waste,plastic_landfill,89.37,kg,2.5,223.425,Scope 3
B0001,Bakery,2024-09,waste,paper_recycling,38.04,kg,-0.4,-15.216,Scope 3
B0001,Bakery,2024-10,waste,food_landfill,88.99,kg,1.4,124.58599999999998,Scope 3
B0001,Bakery,2024-10,waste,plastic_landfill,93.68,kg,2.5,234.2,Scope 3
B0001,Bakery,2024-10,waste,paper_landfill,56.98,kg,1.0,56.98,Scope 3
B0001,Bakery,2024-11,waste,food_landfill,58.85,kg,1.4,82.39,Scope 3
B0001,Bakery,2024-11,waste,plastic_recycling,19.29,kg,-0.4,-7.716,Scope 3
B0001,Bakery,2024-11,waste,paper_recycling,81.67,kg,-0.4,-32.668,Scope 3
B0001,Bakery,2024-12,waste,food_landfill,69.15,kg,1.4,96.81,Scope 3
B0001,Bakery,2024-12,waste,plastic_recycling,60.11,kg,-0.4,-24.044,Scope 3
B0001,Bakery,2024-12,waste,paper_landfill,95.29,kg,1.0,95.29,Scope 3
B0002,Restaurant,2024-01,waste,food_landfill,12.56,kg,1.4,17.584,Scope 3
B0002,Restaurant,2024-01,waste,plastic_landfill,42.02,kg,2.5,105.05,Scope 3
B0002,Restaurant,2024-01,waste,paper_landfill,52.61,kg,1.0,52.61,Scope 3
B0002,Restaurant,2024-02,waste,food_composting,90.3,kg,0.2,18.06,Scope 3
B0002,Restaurant,2024-02,waste,plastic_recycling,97.64,kg,-0.4,-39.056,Scope 3
B0002,Restaurant,2024-02,waste,paper_recycling,78.19,kg,-0.4,-31.276,Scope 3
B0002,Restaurant,2024-03,waste,food_landfill,38.4,kg,1.4,53.76,Scope 3
B0002,Restaurant,2024-03,waste,plastic_recycling,14.61,kg,-0.4,-5.844,Scope 3
B0002,Restaurant,2024-03,waste,paper_landfill,95.17,kg,1.0,95.17,Scope 3
B0002,Restaurant,2024-04,waste,food_composting,50.46,kg,0.2,10.092,Scope 3
B0002,Restaurant,2024-04,waste,plastic_recycling,82.88,kg,-0.4,-33.152,Scope 3
B0002,Restaurant,2024-04,waste,paper_recycling,42.77,kg,-0.4,-17.108,Scope 3
B0002,Restaurant,2024-05,waste,food_composting,13.03,kg,0.2,2.606,Scope 3
B0002,Restaurant,2024-05,waste,plastic_recycling,95.21,kg,-0.4,-38.084,Scope 3
B0002,Restaurant,2024-05,waste,paper_landfill,90.94,kg,1.0,90.94,Scope 3
B0002,Restaurant,2024-06,waste,food_composting,55.49,kg,0.2,11.098,Scope 3
B0002,Restaurant,2024-06,waste,plastic_landfill,42.85,kg,2.5,107.125,Scope 3
B0002,Restaurant,2024-06,waste,paper_landfill,86.18,kg,1.0,86.18,Scope 3
B0002,Restaurant,2024-07,waste,food_composting,64.21,kg,0.2,12.842,Scope 3
B0002,Restaurant,2024-07,waste,plastic_landfill,12.26,kg,2.5,30.65,Scope 3
B0002,Restaurant,2024-07,waste,paper_recycling,64.62,kg,-0.4,-25.848000000000003,Scope 3
B0002,Restaurant,2024-08,waste,food_composting,35.27,kg,0.2,7.054000000000001,Scope 3
B0002,Restaurant,2024-08,waste,plastic_landfill,26.87,kg,2.5,67.175,Scope 3
B0002,Restaurant,2024-08,waste,paper_recycling,17.81,kg,-0.4,-7.124,Scope 3
B0002,Restaurant,2024-09,waste,food_composting,86.26,kg,0.2,17.252000000000002,Scope 3
B0002,Restaurant,2024-09,waste,plastic_landfill,40.86,kg,2.5,102.15,Scope 3
B0002,Restaurant,2024-09,waste,paper_recycling,47.62,kg,-0.4,-19.048,Scope 3
B0002,Restaurant,2024-10,waste,food_composting,90.51,kg,0.2,18.102,Scope 3
B0002,Restaurant,2024-10,waste,plastic_landfill,67.4,kg,2.5,168.5,Scope 3
B0002,Restaurant,2024-10,waste,paper_landfill,66.29,kg,1.0,66.29,Scope 3
B0002,Restaurant,2024-11,waste,food_composting,69.42,kg,0.2,13.884,Scope 3
B0002,Restaurant,2024-11,waste,plastic_landfill,14.91,kg,2.5,37.275,Scope 3
B0002,Restaurant,2024-11,waste,paper_landfill,27.52,kg,1.0,27.52,Scope 3
B0002,Restaurant,2024-12,waste,food_landfill,35.52,kg,1.4,49.728,Scope 3
B0002,Restaurant,2024-12,waste,plastic_recycling,40.44,kg,-0.4,-16.176,Scope 3
B0002,Restaurant,2024-12,waste,paper_landfill,18.54,kg,1.0,18.54,Scope 3
B0003,Supermarket,2024-01,waste,food_landfill,64.57,kg,1.4,90.39799999999998,Scope 3
B0003,Supermarket,2024-01,waste,plastic_landfill,33.44,kg,2.5,83.6,Scope 3
B0003,Supermarket,2024-01,waste,paper_recycling,37.39,kg,-0.4,-14.956,Scope 3
B0003,Supermarket,2024-02,waste,food_composting,61.65,kg,0.2,12.33,Scope 3
B0003,Supermarket,2024-02,waste,plastic_recycling,14.64,kg,-0.4,-5.856000000000001,Scope 3
B0003,Supermarket,2024-02,waste,paper_landfill,58.91,kg,1.0,58.91,Scope 3
B0003,Supermarket,2024-03,waste,food_composting,71.58,kg,0.2,14.316,Scope 3
B0003,Supermarket,2024-03,waste,plastic_landfill,52.26,kg,2.5,130.65,Scope 3
B0003,Supermarket,2024-03,waste,paper_recycling,33.15,kg,-0.4,-13.26,Scope 3
B0003,Supermarket,2024-04,waste,food_landfill,19.7,kg,1.4,27.58,Scope 3
B0003,Supermarket,2024-04,waste,plastic_landfill,98.0,kg,2.5,245.0,Scope 3
B0003,Supermarket,2024-04,waste,paper_recycling,10.37,kg,-0.4,-4.148,Scope 3
B0003,Supermarket,2024-05,waste,food_landfill,41.02,kg,1.4,57.428,Scope 3
B0003,Supermarket,2024-05,waste,plastic_recycling,11.62,kg,-0.4,-4.648,Scope 3
B0003,Supermarket,2024-05,waste,paper_landfill,10.52,kg,1.0,10.52,Scope 3
B0003,Supermarket,2024-06,waste,food_landfill,34.52,kg,1.4,48.328,Scope 3
B0003,Supermarket,2024-06,waste,plastic_recycling,68.9,kg,-0.4,-27.56,Scope 3
B0003,Supermarket,2024-06,waste,paper_recycling,63.7,kg,-0.4,-25.480000000000004,Scope 3
B0003,Supermarket,2024-07,waste,food_landfill,71.72,kg,1.4,100.408,Scope 3
B0003,Supermarket,2024-07,waste,plastic_landfill,56.27,kg,2.5,140.675,Scope 3
B0003,Supermarket,2024-07,waste,paper_recycling,85.47,kg,-0.4,-34.188,Scope 3
B0003,Supermarket,2024-08,waste,food_composting,94.78,kg,0.2,18.956,Scope 3
B0003,Supermarket,2024-08,waste,plastic_landfill,29.04,kg,2.5,72.6,Scope 3
B0003,Supermarket,2024-08,waste,paper_landfill,19.62,kg,1.0,19.62,Scope 3
B0003,Supermarket,2024-09,waste,food_composting,94.5,kg,0.2,18.9,Scope 3
B0003,Supermarket,2024-09,waste,plastic_recycling,65.87,kg,-0.4,-26.348000000000003,Scope 3
B0003,Supermarket,2024-09,waste,paper_recycling,80.78,kg,-0.4,-32.312000000000005,Scope 3
B0003,Supermarket,2024-10,waste,food_composting,42.05,kg,0.2,8.41,Scope 3
B0003,Supermarket,2024-10,waste,plastic_landfill,47.92,kg,2.5,119.8,Scope 3
B0003,Supermarket,2024-10,waste,paper_landfill,32.91,kg,1.0,32.91,Scope 3
B0003,Supermarket,2024-11,waste,food_composting,23.89,kg,0.2,4.7780000000000005,Scope 3
B0003,Supermarket,2024-11,waste,plastic_recycling,87.38,kg,-0.4,-34.952,Scope 3
B0003,Supermarket,2024-11,waste,paper_landfill,42.3,kg,1.0,42.3,Scope 3
B0003,Supermarket,2024-12,waste,food_composting,95.03,kg,0.2,19.006,Scope 3
B0003,Supermarket,2024-12,waste,plastic_recycling,78.48,kg,-0.4,-31.392000000000003,Scope 3
B0003,Supermarket,2024-12,waste,paper_landfill,59.94,kg,1.0,59.94,Scope 3
B0001,Bakery,2024-01,transport,car_diesel,87.6,km,0.201,17.6076,Scope 3
B0001,Bakery,2024-01,transport,car_diesel,275.6,km,0.201,55.39560000000001,Scope 3
B0001,Bakery,2024-01,transport,motorbike,38.6,km,0.112,4.3232,Scope 3
B0001,Bakery,2024-01,transport,car_petrol,83.1,km,0.225,18.6975,Scope 3
B0001,Bakery,2024-01,transport,delivery_van,196.9,km,0.315,62.023500000000006,Scope 3
B0001,Bakery,2024-02,transport,bus,2142.0,passenger-km,0.088,188.496,Scope 3
B0001,Bakery,2024-02,transport,car_petrol,69.7,km,0.225,15.6825,Scope 3
B0001,Bakery,2024-02,transport,delivery_van,79.5,km,0.315,25.0425,Scope 3
B0001,Bakery,2024-02,transport,car_petrol,158.8,km,0.225,35.730000000000004,Scope 3
B0001,Bakery,2024-02,transport,car_diesel,31.0,km,0.201,6.231000000000001,Scope 3
B0001,Bakery,2024-03,transport,car_petrol,168.8,km,0.225,37.98,Scope 3
B0001,Bakery,2024-03,transport,bus,1403.4,passenger-km,0.088,123.4992,Scope 3
B0001,Bakery,2024-04,transport,delivery_van,249.1,km,0.315,78.4665,Scope 3
B0001,Bakery,2024-04,transport,motorbike,229.1,km,0.112,25.6592,Scope 3
B0001,Bakery,2024-04,transport,car_petrol,224.1,km,0.225,50.4225,Scope 3
B0001,Bakery,2024-04,transport,motorbike,80.2,km,0.112,8.9824,Scope 3
B0001,Bakery,2024-05,transport,car_petrol,181.6,km,0.225,40.86,Scope 3
B0001,Bakery,2024-05,transport,car_petrol,297.4,km,0.225,66.91499999999999,Scope 3
B0001,Bakery,2024-06,transport,car_petrol,227.5,km,0.225,51.1875,Scope 3
B0001,Bakery,2024-06,transport,car_diesel,167.2,km,0.201,33.6072,Scope 3
B0001,Bakery,2024-06,transport,bus,440.8,passenger-km,0.088,38.7904,Scope 3
B0001,Bakery,2024-06,transport,bus,320.0,passenger-km,0.088,28.16,Scope 3
B0001,Bakery,2024-06,transport,car_diesel,139.3,km,0.201,27.999300000000005,Scope 3
B0001,Bakery,2024-07,transport,car_diesel,115.2,km,0.201,23.1552,Scope 3
B0001,Bakery,2024-07,transport,bus,721.5,passenger-km,0.088,63.492,Scope 3
B0001,Bakery,2024-07,transport,car_diesel,170.7,km,0.201,34.3107,Scope 3
B0001,Bakery,2024-08,transport,car_diesel,165.3,km,0.201,33.225300000000004,Scope 3
B0001,Bakery,2024-08,transport,bus,1635.2,passenger-km,0.088,143.89759999999998,Scope 3
B0001,Bakery,2024-08,transport,motorbike,73.9,km,0.112,8.276800000000001,Scope 3
B0001,Bakery,2024-09,transport,delivery_van,86.7,km,0.315,27.3105,Scope 3
B0001,Bakery,2024-09,transport,motorbike,166.8,km,0.112,18.681600000000003,Scope 3
B0001,Bakery,2024-09,transport,delivery_van,130.4,km,0.315,41.076,Scope 3
B0001,Bakery,2024-10,transport,car_petrol,74.8,km,0.225,16.83,Scope 3
B0001,Bakery,2024-10,transport,bus,3010.8,passenger-km,0.088,264.9504,Scope 3
B0001,Bakery,2024-10,transport,bus,990.4,passenger-km,0.088,87.1552,Scope 3
B0001,Bakery,2024-10,transport,bus,1899.8,passenger-km,0.088,167.18239999999997,Scope 3
B0001,Bakery,2024-10,transport,car_diesel,253.8,km,0.201,51.0138,Scope 3
B0001,Bakery,2024-11,transport,delivery_van,167.1,km,0.315,52.6365,Scope 3
B0001,Bakery,2024-11,transport,car_petrol,223.3,km,0.225,50.24250000000001,Scope 3
B0001,Bakery,2024-11,transport,motorbike,136.6,km,0.112,15.2992,Scope 3
B0001,Bakery,2024-11,transport,motorbike,187.2,km,0.112,20.9664,Scope 3
B0001,Bakery,2024-12,transport,bus,681.2,passenger-km,0.088,59.9456,Scope 3
B0001,Bakery,2024-12,transport,delivery_van,237.2,km,0.315,74.718,Scope 3
B0001,Bakery,2024-12,transport,car_petrol,54.8,km,0.225,12.33,Scope 3
B0002,Restaurant,2024-01,transport,motorbike,136.0,km,0.112,15.232,Scope 3
B0002,Restaurant,2024-01,transport,motorbike,133.6,km,0.112,14.9632,Scope 3
B0002,Restaurant,2024-01,transport,car_diesel,250.0,km,0.201,50.25,Scope 3
B0002,Restaurant,2024-01,transport,car_petrol,61.1,km,0.225,13.7475,Scope 3
B0002,Restaurant,2024-02,transport,delivery_van,160.3,km,0.315,50.4945,Scope 3
B0002,Restaurant,2024-02,transport,delivery_van,17.9,km,0.315,5.6385,Scope 3
B0002,Restaurant,2024-02,transport,bus,212.4,passenger-km,0.088,18.6912,Scope 3
B0002,Restaurant,2024-02,transport,bus,3318.0,passenger-km,0.088,291.984,Scope 3
B0002,Restaurant,2024-02,transport,motorbike,37.0,km,0.112,4.144,Scope 3
B0002,Restaurant,2024-03,transport,car_diesel,170.8,km,0.201,34.3308,Scope 3
B0002,Restaurant,2024-03,transport,motorbike,208.7,km,0.112,23.3744,Scope 3
B0002,Restaurant,2024-03,transport,car_petrol,36.6,km,0.225,8.235000000000001,Scope 3
B0002,Restaurant,2024-04,transport,car_petrol,69.5,km,0.225,15.6375,Scope 3
B0002,Restaurant,2024-04,transport,delivery_van,68.7,km,0.315,21.6405,Scope 3
B0002,Restaurant,2024-04,transport,motorbike,278.4,km,0.112,31.1808,Scope 3
B0002,Restaurant,2024-04,transport,motorbike,238.4,km,0.112,26.7008,Scope 3
B0002,Restaurant,2024-04,transport,car_diesel,60.4,km,0.201,12.1404,Scope 3
B0002,Restaurant,2024-05,transport,delivery_van,179.3,km,0.315,56.4795,Scope 3
B0002,Restaurant,2024-05,transport,car_diesel,262.6,km,0.201,52.78260000000001,Scope 3
B0002,Restaurant,2024-05,transport,delivery_van,23.1,km,0.315,7.2765,Scope 3
B0002,Restaurant,2024-05,transport,car_diesel,251.9,km,0.201,50.6319,Scope 3
B0002,Restaurant,2024-06,transport,car_diesel,263.1,km,0.201,52.883100000000006,Scope 3
B0002,Restaurant,2024-06,transport,bus,1038.5,passenger-km,0.088,91.388,Scope 3
B0002,Restaurant,2024-06,transport,bus,2281.2,passenger-km,0.088,200.7456,Scope 3
B0002,Restaurant,2024-06,transport,car_diesel,252.1,km,0.201,50.6721,Scope 3
B0002,Restaurant,2024-07,transport,bus,3313.5,passenger-km,0.088,291.588,Scope 3
B0002,Restaurant,2024-07,transport,car_petrol,281.7,km,0.225,63.3825,Scope 3
B0002,Restaurant,2024-07,transport,delivery_van,173.4,km,0.315,54.621,Scope 3
B0002,Restaurant,2024-07,transport,delivery_van,199.8,km,0.315,62.937000000000005,Scope 3
B0002,Restaurant,2024-08,transport,car_petrol,54.3,km,0.225,12.2175,Scope 3
B0002,Restaurant,2024-08,transport,car_petrol,284.7,km,0.225,64.0575,Scope 3
B0002,Restaurant,2024-08,transport,bus,262.7,passenger-km,0.088,23.1176,Scope 3
B0002,Restaurant,2024-09,transport,motorbike,34.4,km,0.112,3.8528,Scope 3
B0002,Restaurant,2024-09,transport,car_diesel,107.9,km,0.201,21.687900000000003,Scope 3
B0002,Restaurant,2024-09,transport,car_petrol,76.9,km,0.225,17.302500000000002,Scope 3
B0002,Restaurant,2024-09,transport,delivery_van,16.8,km,0.315,5.292000000000001,Scope 3
B0002,Restaurant,2024-09,transport,delivery_van,273.6,km,0.315,86.18400000000001,Scope 3
B0002,Restaurant,2024-10,transport,car_petrol,201.5,km,0.225,45.3375,Scope 3
B0002,Restaurant,2024-10,transport,car_diesel,232.0,km,0.201,46.632000000000005,Scope 3
B0002,Restaurant,2024-11,transport,motorbike,155.7,km,0.112,17.438399999999998,Scope 3
B0002,Restaurant,2024-11,transport,car_diesel,267.7,km,0.201,53.8077,Scope 3
B0002,Restaurant,2024-11,transport,car_petrol,234.2,km,0.225,52.695,Scope 3
B0002,Restaurant,2024-11,transport,delivery_van,189.6,km,0.315,59.724,Scope 3
B0002,Restaurant,2024-12,transport,car_diesel,275.2,km,0.201,55.3152,Scope 3
B0002,Restaurant,2024-12,transport,delivery_van,262.1,km,0.315,82.56150000000001,Scope 3
B0002,Restaurant,2024-12,transport,motorbike,242.0,km,0.112,27.104,Scope 3
B0003,Supermarket,2024-01,transport,car_diesel,152.6,km,0.201,30.6726,Scope 3
B0003,Supermarket,2024-01,transport,car_petrol,274.0,km,0.225,61.65,Scope 3
B0003,Supermarket,2024-02,transport,bus,4187.400000000001,passenger-km,0.088,368.4912000000001,Scope 3
B0003,Supermarket,2024-02,transport,motorbike,59.8,km,0.112,6.6976,Scope 3
B0003,Supermarket,2024-02,transport,car_diesel,72.0,km,0.201,14.472,Scope 3
B0003,Supermarket,2024-02,transport,delivery_van,291.8,km,0.315,91.917,Scope 3
B0003,Supermarket,2024-03,transport,motorbike,170.7,km,0.112,19.1184,Scope 3
B0003,Supermarket,2024-03,transport,bus,1864.8,passenger-km,0.088,164.1024,Scope 3
B0003,Supermarket,2024-03,transport,car_petrol,40.1,km,0.225,9.0225,Scope 3
B0003,Supermarket,2024-04,transport,delivery_van,233.2,km,0.315,73.458,Scope 3
B0003,Supermarket,2024-04,transport,car_petrol,254.0,km,0.225,57.15,Scope 3
B0003,Supermarket,2024-04,transport,car_petrol,278.0,km,0.225,62.55,Scope 3
B0003,Supermarket,2024-04,transport,car_petrol,158.7,km,0.225,35.7075,Scope 3
B0003,Supermarket,2024-05,transport,bus,2546.1,passenger-km,0.088,224.0568,Scope 3
B0003,Supermarket,2024-05,transport,bus,3663.8,passenger-km,0.088,322.4144,Scope 3
B0003,Supermarket,2024-06,transport,motorbike,274.6,km,0.112,30.7552,Scope 3
B0003,Supermarket,2024-06,transport,delivery_van,33.8,km,0.315,10.646999999999998,Scope 3
B0003,Supermarket,2024-07,transport,delivery_van,33.7,km,0.315,10.6155,Scope 3
B0003,Supermarket,2024-07,transport,motorbike,147.9,km,0.112,16.5648,Scope 3
B0003,Supermarket,2024-07,transport,car_petrol,278.9,km,0.225,62.7525,Scope 3
B0003,Supermarket,2024-07,transport,motorbike,242.2,km,0.112,27.1264,Scope 3
B0003,Supermarket,2024-07,transport,delivery_van,169.7,km,0.315,53.4555,Scope 3
B0003,Supermarket,2024-08,transport,car_petrol,255.2,km,0.225,57.42,Scope 3
B0003,Supermarket,2024-08,transport,car_diesel,98.4,km,0.201,19.7784,Scope 3
B0003,Supermarket,2024-09,transport,delivery_van,154.3,km,0.315,48.6045,Scope 3
B0003,Supermarket,2024-09,transport,bus,970.2,passenger-km,0.088,85.3776,Scope 3
B0003,Supermarket,2024-10,transport,delivery_van,135.9,km,0.315,42.8085,Scope 3
B0003,Supermarket,2024-10,transport,car_diesel,249.7,km,0.201,50.1897,Scope 3
B0003,Supermarket,2024-10,transport,car_diesel,54.4,km,0.201,10.9344,Scope 3
B0003,Supermarket,2024-10,transport,delivery_van,270.7,km,0.315,85.2705,Scope 3
B0003,Supermarket,2024-10,transport,car_petrol,28.5,km,0.225,6.4125000000000005,Scope 3
B0003,Supermarket,2024-11,transport,delivery_van,191.6,km,0.315,60.354,Scope 3
B0003,Supermarket,2024-11,transport,motorbike,51.8,km,0.112,5.8016,Scope 3
B0003,Supermarket,2024-12,transport,car_petrol,174.4,km,0.225,39.24,Scope 3
B0003,Supermarket,2024-12,transport,car_diesel,290.6,km,0.201,58.41060000000001,Scope 3
B0003,Supermarket,2024-12,transport,motorbike,291.8,km,0.112,32.6816,Scope 3
B0003,Supermarket,2024-12,transport,car_petrol,218.3,km,0.225,49.11750000000001,Scope 3
B0003,Supermarket,2024-12,transport,delivery_van,15.8,km,0.315,4.977,Scope 3
B0004,Pharmacy,2024-01,transport,car_petrol,107.7,km,0.225,24.2325,Scope 3
B0004,Pharmacy,2024-01,transport,motorbike,85.7,km,0.112,9.5984,Scope 3
B0004,Pharmacy,2024-01,transport,bus,139.0,passenger-km,0.088,12.232,Scope 3
B0004,Pharmacy,2024-01,transport,car_diesel,204.0,km,0.201,41.004000000000005,Scope 3
B0004,Pharmacy,2024-02,transport,bus,3342.0,passenger-km,0.088,294.096,Scope 3
B0004,Pharmacy,2024-02,transport,car_diesel,118.6,km,0.201,23.8386,Scope 3
B0004,Pharmacy,2024-02,transport,car_petrol,29.6,km,0.225,6.66,Scope 3
B0004,Pharmacy,2024-02,transport,car_petrol,200.9,km,0.225,45.2025,Scope 3
B0004,Pharmacy,2024-02,transport,delivery_van,285.5,km,0.315,89.9325,Scope 3
B0004,Pharmacy,2024-03,transport,motorbike,104.6,km,0.112,11.7152,Scope 3
B0004,Pharmacy,2024-03,transport,delivery_van,50.0,km,0.315,15.75,Scope 3
B0004,Pharmacy,2024-03,transport,motorbike,38.0,km,0.112,4.256,Scope 3
B0004,Pharmacy,2024-03,transport,motorbike,197.9,km,0.112,22.1648,Scope 3
B0004,Pharmacy,2024-03,transport,delivery_van,18.8,km,0.315,5.922000000000001,Scope 3
B0004,Pharmacy,2024-04,transport,delivery_van,225.2,km,0.315,70.938,Scope 3
B0004,Pharmacy,2024-04,transport,car_petrol,65.6,km,0.225,14.76,Scope 3
B0004,Pharmacy,2024-04,transport,motorbike,28.4,km,0.112,3.1808,Scope 3
B0004,Pharmacy,2024-04,transport,motorbike,36.5,km,0.112,4.088,Scope 3
B0004,Pharmacy,2024-04,transport,delivery_van,94.7,km,0.315,29.8305,Scope 3
B0004,Pharmacy,2024-05,transport,car_petrol,30.1,km,0.225,6.772500000000001,Scope 3
B0004,Pharmacy,2024-05,transport,delivery_van,177.1,km,0.315,55.7865,Scope 3
B0004,Pharmacy,2024-05,transport,car_petrol,44.9,km,0.225,10.1025,Scope 3
B0004,Pharmacy,2024-05,transport,delivery_van,246.4,km,0.315,77.616,Scope 3
B0004,Pharmacy,2024-06,transport,motorbike,47.7,km,0.112,5.3424000000000005,Scope 3
B0004,Pharmacy,2024-06,transport,motorbike,209.3,km,0.112,23.4416,Scope 3
B0004,Pharmacy,2024-06,transport,motorbike,218.4,km,0.112,24.460800000000003,Scope 3
B0004,Pharmacy,2024-06,transport,car_diesel,242.1,km,0.201,48.6621,Scope 3
B0004,Pharmacy,2024-07,transport,car_diesel,52.2,km,0.201,10.4922,Scope 3
B0004,Pharmacy,2024-07,transport,bus,1357.1999999999998,passenger-km,0.088,119.43359999999996,Scope 3
B0004,Pharmacy,2024-07,transport,delivery_van,59.2,km,0.315,18.648,Scope 3
B0004,Pharmacy,2024-08,transport,bus,53.4,passenger-km,0.088,4.699199999999999,Scope 3
B0004,Pharmacy,2024-08,transport,car_diesel,235.6,km,0.201,47.3556,Scope 3
B0004,Pharmacy,2024-09,transport,car_petrol,111.6,km,0.225,25.11,Scope 3
B0004,Pharmacy,2024-09,transport,car_diesel,77.1,km,0.201,15.4971,Scope 3
B0004,Pharmacy,2024-10,transport,car_diesel,181.1,km,0.201,36.4011,Scope 3
B0004,Pharmacy,2024-10,transport,car_petrol,282.0,km,0.225,63.45,Scope 3
B0004,Pharmacy,2024-10,transport,delivery_van,21.5,km,0.315,6.7725,Scope 3
B0004,Pharmacy,2024-11,transport,car_petrol,18.7,km,0.225,4.2075,Scope 3
B0004,Pharmacy,2024-11,transport,bus,2327.4,passenger-km,0.088,204.8112,Scope 3
B0004,Pharmacy,2024-12,transport,delivery_van,225.2,km,0.315,70.938,Scope 3
B0004,Pharmacy,2024-12,transport,bus,1428.8,passenger-km,0.088,125.7344,Scope 3
B0004,Pharmacy,2024-12,transport,delivery_van,81.5,km,0.315,25.6725,Scope 3
B0004,Pharmacy,2024-12,transport,car_diesel,85.9,km,0.201,17.265900000000002,Scope 3
B0004,Pharmacy,2024-12,transport,delivery_van,231.7,km,0.315,72.9855,Scope 3
B0005,FuelStation,2024-01,transport,bus,1457.5,passenger-km,0.088,128.26,Scope 3
B0005,FuelStation,2024-01,transport,car_diesel,34.0,km,0.201,6.8340000000000005,Scope 3
B0005,FuelStation,2024-01,transport,delivery_van,138.1,km,0.315,43.5015,Scope 3
B0005,FuelStation,2024-01,transport,delivery_van,109.6,km,0.315,34.524,Scope 3
B0005,FuelStation,2024-02,transport,car_diesel,90.7,km,0.201,18.2307,Scope 3
B0005,FuelStation,2024-02,transport,car_diesel,38.2,km,0.201,7.678200000000001,Scope 3
B0005,FuelStation,2024-02,transport,motorbike,187.2,km,0.112,20.9664,Scope 3
B0005,FuelStation,2024-02,transport,car_diesel,34.0,km,0.201,6.8340000000000005,Scope 3
B0005,FuelStation,2024-03,transport,motorbike,172.7,km,0.112,19.3424,Scope 3
B0005,FuelStation,2024-03,transport,bus,508.19999999999993,passenger-km,0.088,44.72159999999999,Scope 3
B0005,FuelStation,2024-03,transport,bus,1555.2,passenger-km,0.088,136.8576,Scope 3
B0005,FuelStation,2024-03,transport,car_petrol,84.1,km,0.225,18.9225,Scope 3
B0005,FuelStation,2024-03,transport,bus,853.8000000000001,passenger-km,0.088,75.1344,Scope 3
B0005,FuelStation,2024-04,transport,bus,1533.6,passenger-km,0.088,134.9568,Scope 3
B0005,FuelStation,2024-04,transport,car_diesel,263.5,km,0.201,52.9635,Scope 3
B0005,FuelStation,2024-04,transport,motorbike,145.4,km,0.112,16.2848,Scope 3
B0005,FuelStation,2024-04,transport,bus,230.0,passenger-km,0.088,20.24,Scope 3
B0005,FuelStation,2024-05,transport,car_petrol,265.3,km,0.225,59.6925,Scope 3
B0005,FuelStation,2024-05,transport,motorbike,106.2,km,0.112,11.8944,Scope 3
B0005,FuelStation,2024-05,transport,bus,923.5,passenger-km,0.088,81.268,Scope 3
B0005,FuelStation,2024-05,transport,delivery_van,118.7,km,0.315,37.3905,Scope 3
B0005,FuelStation,2024-05,transport,car_petrol,258.0,km,0.225,58.05,Scope 3
B0005,FuelStation,2024-06,transport,car_petrol,97.1,km,0.225,21.8475,Scope 3
B0005,FuelStation,2024-06,transport,delivery_van,267.6,km,0.315,84.29400000000001,Scope 3
B0005,FuelStation,2024-06,transport,motorbike,92.7,km,0.112,10.3824,Scope 3
B0005,FuelStation,2024-06,transport,car_diesel,114.8,km,0.201,23.0748,Scope 3
B0005,FuelStation,2024-06,transport,motorbike,103.1,km,0.112,11.5472,Scope 3
B0005,FuelStation,2024-07,transport,delivery_van,164.5,km,0.315,51.8175,Scope 3
B0005,FuelStation,2024-07,transport,delivery_van,270.6,km,0.315,85.239,Scope 3
B0005,FuelStation,2024-07,transport,delivery_van,204.6,km,0.315,64.449,Scope 3
B0005,FuelStation,2024-07,transport,car_diesel,196.9,km,0.201,39.5769,Scope 3
B0005,FuelStation,2024-07,transport,delivery_van,67.7,km,0.315,21.3255,Scope 3
B0005,FuelStation,2024-08,transport,motorbike,190.0,km,0.112,21.28,Scope 3
B0005,FuelStation,2024-08,transport,car_petrol,49.6,km,0.225,11.16,Scope 3
B0005,FuelStation,2024-08,transport,car_petrol,136.5,km,0.225,30.7125,Scope 3
B0005,FuelStation,2024-09,transport,motorbike,181.7,km,0.112,20.3504,Scope 3
B0005,FuelStation,2024-09,transport,bus,335.5,passenger-km,0.088,29.524,Scope 3
B0005,FuelStation,2024-09,transport,bus,522.0,passenger-km,0.088,45.936,Scope 3
B0005,FuelStation,2024-09,transport,car_diesel,166.9,km,0.201,33.5469,Scope 3
B0005,FuelStation,2024-10,transport,car_petrol,91.3,km,0.225,20.5425,Scope 3
B0005,FuelStation,2024-10,transport,car_petrol,238.6,km,0.225,53.685,Scope 3
B0005,FuelStation,2024-10,transport,delivery_van,283.0,km,0.315,89.145,Scope 3
B0005,FuelStation,2024-11,transport,bus,91.7,passenger-km,0.088,8.0696,Scope 3
B0005,FuelStation,2024-11,transport,motorbike,21.4,km,0.112,2.3968,Scope 3
B0005,FuelStation,2024-12,transport,bus,679.5,passenger-km,0.088,59.796,Scope 3
B0005,FuelStation,2024-12,transport,motorbike,275.7,km,0.112,30.8784,Scope 3
B0005,FuelStation,2024-12,transport,car_diesel,58.5,km,0.201,11.758500000000002,Scope 3
B0005,FuelStation,2024-12,transport,car_petrol,275.6,km,0.225,62.010000000000005,Scope 3
B0001,Bakery,2024-01-01,water,water_supply,130.0,m3,0.344,44.72,Scope 3
B0001,Bakery,2024-01-01,water,wastewater_unmanaged,91.0,m3,0.708,64.428,Scope 3
B0001,Bakery,2024-02-01,water,water_supply,122.0,m3,0.344,41.968,Scope 3
B0001,Bakery,2024-02-01,water,wastewater_unmanaged,85.39999999999999,m3,0.708,60.46319999999999,Scope 3
B0001,Bakery,2024-03-01,water,water_supply,140.0,m3,0.344,48.16,Scope 3
B0001,Bakery,2024-03-01,water,wastewater_unmanaged,98.0,m3,0.708,69.384,Scope 3
B0001,Bakery,2024-04-01,water,water_supply,130.0,m3,0.344,44.72,Scope 3
B0001,Bakery,2024-04-01,water,wastewater_unmanaged,91.0,m3,0.708,64.428,Scope 3
B0001,Bakery,2024-05-01,water,water_supply,144.0,m3,0.344,49.536,Scope 3
B0001,Bakery,2024-05-01,water,wastewater_unmanaged,100.8,m3,0.708,71.3664,Scope 3
B0001,Bakery,2024-06-01,water,water_supply,148.0,m3,0.344,50.912,Scope 3
B0001,Bakery,2024-06-01,water,wastewater_unmanaged,103.6,m3,0.708,73.3488,Scope 3
B0001,Bakery,2024-07-01,water,water_supply,125.0,m3,0.344,43.0,Scope 3
B0001,Bakery,2024-07-01,water,wastewater_unmanaged,87.5,m3,0.708,61.95,Scope 3
B0001,Bakery,2024-08-01,water,water_supply,121.0,m3,0.344,41.624,Scope 3
B0001,Bakery,2024-08-01,water,wastewater_unmanaged,84.69999999999999,m3,0.708,59.96759999999999,Scope 3
B0001,Bakery,2024-09-01,water,water_supply,107.0,m3,0.344,36.808,Scope 3
B0001,Bakery,2024-09-01,water,wastewater_unmanaged,74.89999999999999,m3,0.708,53.02919999999999,Scope 3
B0001,Bakery,2024-10-01,water,water_supply,108.0,m3,0.344,37.152,Scope 3
B0001,Bakery,2024-10-01,water,wastewater_unmanaged,75.6,m3,0.708,53.52479999999999,Scope 3
B0001,Bakery,2024-11-01,water,water_supply,140.0,m3,0.344,48.16,Scope 3
B0001,Bakery,2024-11-01,water,wastewater_unmanaged,98.0,m3,0.708,69.384,Scope 3
B0001,Bakery,2024-12-01,water,water_supply,143.0,m3,0.344,49.19199999999999,Scope 3
B0001,Bakery,2024-12-01,water,wastewater_unmanaged,100.1,m3,0.708,70.87079999999999,Scope 3
B0002,Restaurant,2024-01-01,water,water_supply,348.0,m3,0.344,119.712,Scope 3
B0002,Restaurant,2024-01-01,water,wastewater_centralized,233.16000000000005,m3,0.272,63.41952000000001,Scope 3
B0002,Restaurant,2024-02-01,water,water_supply,314.0,m3,0.344,108.016,Scope 3
B0002,Restaurant,2024-02-01,water,wastewater_centralized,210.38,m3,0.272,57.223360000000014,Scope 3
B0002,Restaurant,2024-03-01,water,water_supply,303.0,m3,0.344,104.232,Scope 3
B0002,Restaurant,2024-03-01,water,wastewater_centralized,203.01,m3,0.272,55.21872000000001,Scope 3
B0002,Restaurant,2024-04-01,water,water_supply,289.0,m3,0.344,99.416,Scope 3
B0002,Restaurant,2024-04-01,water,wastewater_centralized,193.63,m3,0.272,52.66736000000001,Scope 3
B0002,Restaurant,2024-05-01,water,water_supply,296.0,m3,0.344,101.824,Scope 3
B0002,Restaurant,2024-05-01,water,wastewater_centralized,198.32,m3,0.272,53.94304000000001,Scope 3
B0002,Restaurant,2024-06-01,water,water_supply,314.0,m3,0.344,108.016,Scope 3
B0002,Restaurant,2024-06-01,water,wastewater_centralized,210.38,m3,0.272,57.223360000000014,Scope 3
B0002,Restaurant,2024-07-01,water,water_supply,288.0,m3,0.344,99.072,Scope 3
B0002,Restaurant,2024-07-01,water,wastewater_centralized,192.96,m3,0.272,52.48512000000001,Scope 3
B0002,Restaurant,2024-08-01,water,water_supply,318.0,m3,0.344,109.392,Scope 3
B0002,Restaurant,2024-08-01,water,wastewater_centralized,213.06,m3,0.272,57.95232000000001,Scope 3
B0002,Restaurant,2024-09-01,water,water_supply,251.0,m3,0.344,86.344,Scope 3
B0002,Restaurant,2024-09-01,water,wastewater_centralized,168.17000000000002,m3,0.272,45.74224000000001,Scope 3
B0002,Restaurant,2024-10-01,water,water_supply,286.0,m3,0.344,98.384,Scope 3
B0002,Restaurant,2024-10-01,water,wastewater_centralized,191.62,m3,0.272,52.12064,Scope 3
B0002,Restaurant,2024-11-01,water,water_supply,324.0,m3,0.344,111.456,Scope 3
B0002,Restaurant,2024-11-01,water,wastewater_centralized,217.08,m3,0.272,59.04576000000001,Scope 3
B0002,Restaurant,2024-12-01,water,water_supply,256.0,m3,0.344,88.064,Scope 3
B0002,Restaurant,2024-12-01,water,wastewater_centralized,171.52,m3,0.272,46.65344,Scope 3
B0003,Supermarket,2024-01-01,water,water_supply,517.0,m3,0.344,177.84799999999998,Scope 3
B0003,Supermarket,2024-01-01,water,wastewater_unmanaged,387.75,m3,0.708,274.527,Scope 3
B0003,Supermarket,2024-02-01,water,water_supply,424.0,m3,0.344,145.856,Scope 3
B0003,Supermarket,2024-02-01,water,wastewater_unmanaged,318.0,m3,0.708,225.144,Scope 3
B0003,Supermarket,2024-03-01,water,water_supply,454.0,m3,0.344,156.176,Scope 3
B0003,Supermarket,2024-03-01,water,wastewater_unmanaged,340.5,m3,0.708,241.074,Scope 3
B0003,Supermarket,2024-04-01,water,water_supply,522.0,m3,0.344,179.56799999999998,Scope 3
B0003,Supermarket,2024-04-01,water,wastewater_unmanaged,391.5,m3,0.708,277.182,Scope 3
B0003,Supermarket,2024-05-01,water,water_supply,409.0,m3,0.344,140.696,Scope 3
B0003,Supermarket,2024-05-01,water,wastewater_unmanaged,306.75,m3,0.708,217.179,Scope 3
B0003,Supermarket,2024-06-01,water,water_supply,443.0,m3,0.344,152.392,Scope 3
B0003,Supermarket,2024-06-01,water,wastewater_unmanaged,332.25,m3,0.708,235.233,Scope 3
B0003,Supermarket,2024-07-01,water,water_supply,460.0,m3,0.344,158.23999999999998,Scope 3
B0003,Supermarket,2024-07-01,water,wastewater_unmanaged,345.0,m3,0.708,244.26,Scope 3
B0003,Supermarket,2024-08-01,water,water_supply,428.0,m3,0.344,147.232,Scope 3
B0003,Supermarket,2024-08-01,water,wastewater_unmanaged,321.0,m3,0.708,227.268,Scope 3
B0003,Supermarket,2024-09-01,water,water_supply,448.0,m3,0.344,154.112,Scope 3
B0003,Supermarket,2024-09-01,water,wastewater_unmanaged,336.0,m3,0.708,237.888,Scope 3
B0003,Supermarket,2024-10-01,water,water_supply,488.0,m3,0.344,167.872,Scope 3
B0003,Supermarket,2024-10-01,water,wastewater_unmanaged,366.0,m3,0.708,259.128,Scope 3
B0003,Supermarket,2024-11-01,water,water_supply,516.0,m3,0.344,177.504,Scope 3
B0003,Supermarket,2024-11-01,water,wastewater_unmanaged,387.0,m3,0.708,273.996,Scope 3
B0003,Supermarket,2024-12-01,water,water_supply,481.0,m3,0.344,165.464,Scope 3
B0003,Supermarket,2024-12-01,water,wastewater_unmanaged,360.75,m3,0.708,255.411,Scope 3
B0001,Bakery,2024-01,business_travel,flight,750.0,passenger-km,0.15,112.5,Scope 3
B0002,Restaurant,2024-01,business_travel,bus,1000.0,passenger-km,0.09,90.0,Scope 3
B0003,Supermarket,2024-01,business_travel,car,200.0,passenger-km,0.225,45.0,Scope 3
B0001,Bakery,2024-02,business_travel,motorbike,50.0,passenger-km,0.112,5.6000000000000005,Scope 3
B0002,Restaurant,2024-02,business_travel,flight,600.0,passenger-km,0.15,90.0,Scope 3
B0001,Bakery,2024-01,commute,motorbike,3200.0,km,0.112,358.40000000000003,Scope 3
B0001,Bakery,2024-01,commute,bus,8200.0,passenger-km,0.088,721.5999999999999,Scope 3
B0002,Restaurant,2024-01,commute,bus,10500.0,passenger-km,0.088,924.0,Scope 3
B0003,Supermarket,2024-01,commute,car_petrol,5400.0,km,0.225,1215.0,Scope 3
B0003,Supermarket,2024-01,commute,bus,7600.0,passenger-km,0.088,668.8,Scope 3
B0003,Supermarket,2024-01,commute,delivery_van,4200.0,km,0.315,1323.0,Scope 3
B0004,FuelStation,2024-01,commute,motorbike,2800.0,km,0.112,313.6,Scope 3
B0004,FuelStation,2024-01,commute,bus,6900.0,passenger-km,0.088,607.1999999999999,Scope 3
