business_id,business_type,billing_period,consumption_kWh,source,activity,unit,emission_factor,emissions_kgCO2e
B0001,Bakery,2024-01,2022,grid,grid_electricity_NG,kWh,0.508,1027.176
B0001,Bakery,2024-01,264,generator,diesel_generator,kWh,0.75,198.0
B0001,Bakery,2024-02,2152,grid,grid_electricity_NG,kWh,0.508,1093.2160000000001
B0001,Bakery,2024-02,544,generator,diesel_generator,kWh,0.75,408.0
B0001,Bakery,2024-03,2128,grid,grid_electricity_NG,kWh,0.508,1081.0240000000001
B0001,Bakery,2024-03,811,generator,diesel_generator,kWh,0.75,608.25
B0001,Bakery,2024-04,2473,grid,grid_electricity_NG,kWh,0.508,1256.284
B0001,Bakery,2024-04,291,generator,diesel_generator,kWh,0.75,218.25
B0001,Bakery,2024-05,2422,grid,grid_electricity_NG,kWh,0.508,1230.376
B0001,Bakery,2024-05,500,generator,diesel_generator,kWh,0.75,375.0
B0001,Bakery,2024-06,1623,grid,grid_electricity_NG,kWh,0.508,824.484
B0001,Bakery,2024-06,262,generator,diesel_generator,kWh,0.75,196.5
B0001,Bakery,2024-07,2171,grid,grid_electricity_NG,kWh,0.508,1102.868
B0001,Bakery,2024-07,437,generator,diesel_generator,kWh,0.75,327.75
B0001,Bakery,2024-08,1459,grid,grid_electricity_NG,kWh,0.508,741.172
B0001,Bakery,2024-08,299,generator,diesel_generator,kWh,0.75,224.25
B0001,Bakery,2024-09,1769,grid,grid_electricity_NG,kWh,0.508,898.652
B0001,Bakery,2024-09,453,generator,diesel_generator,kWh,0.75,339.75
B0001,Bakery,2024-10,2066,grid,grid_electricity_NG,kWh,0.508,1049.528
B0001,Bakery,2024-10,819,generator,diesel_generator,kWh,0.75,614.25
B0001,Bakery,2024-11,1260,grid,grid_electricity_NG,kWh,0.508,640.08
B0001,Bakery,2024-11,165,generator,diesel_generator,kWh,0.75,123.75
B0001,Bakery,2024-12,1949,grid,grid_electricity_NG,kWh,0.508,990.092
B0001,Bakery,2024-12,205,generator,diesel_generator,kWh,0.75,153.75
B0002,Bakery,2024-01,2304,grid,grid_electricity_NG,kWh,0.508,1170.432
B0002,Bakery,2024-01,469,generator,diesel_generator,kWh,0.75,351.75
B0002,Bakery,2024-02,2230,grid,grid_electricity_NG,kWh,0.508,1132.84
B0002,Bakery,2024-02,483,generator,diesel_generator,kWh,0.75,362.25
B0002,Bakery,2024-03,2114,grid,grid_electricity_NG,kWh,0.508,1073.912
B0002,Bakery,2024-03,270,generator,diesel_generator,kWh,0.75,202.5
B0002,Bakery,2024-04,1440,grid,grid_electricity_NG,kWh,0.508,731.52
B0002,Bakery,2024-04,481,generator,diesel_generator,kWh,0.75,360.75
B0002,Bakery,2024-05,1485,grid,grid_electricity_NG,kWh,0.508,754.38
B0002,Bakery,2024-05,575,generator,diesel_generator,kWh,0.75,431.25
B0002,Bakery,2024-06,1528,grid,grid_electricity_NG,kWh,0.508,776.224
B0002,Bakery,2024-06,311,generator,diesel_generator,kWh,0.75,233.25
B0002,Bakery,2024-07,2437,grid,grid_electricity_NG,kWh,0.508,1237.996
B0002,Bakery,2024-07,243,generator,diesel_generator,kWh,0.75,182.25
B0002,Bakery,2024-08,1209,grid,grid_electricity_NG,kWh,0.508,614.172
B0002,Bakery,2024-08,197,generator,diesel_generator,kWh,0.75,147.75
B0002,Bakery,2024-09,2250,grid,grid_electricity_NG,kWh,0.508,1143.0
B0002,Bakery,2024-09,359,generator,diesel_generator,kWh,0.75,269.25
B0002,Bakery,2024-10,1469,grid,grid_electricity_NG,kWh,0.508,746.2520000000001
B0002,Bakery,2024-10,421,generator,diesel_generator,kWh,0.75,315.75
B0002,Bakery,2024-11,2405,grid,grid_electricity_NG,kWh,0.508,1221.74
B0002,Bakery,2024-11,289,generator,diesel_generator,kWh,0.75,216.75
B0002,Bakery,2024-12,2090,grid,grid_electricity_NG,kWh,0.508,1061.72
B0002,Bakery,2024-12,645,generator,diesel_generator,kWh,0.75,483.75
B0003,Bakery,2024-01,2500,grid,grid_electricity_NG,kWh,0.508,1270.0
B0003,Bakery,2024-01,320,generator,diesel_generator,kWh,0.75,240.0
B0003,Bakery,2024-02,1324,grid,grid_electricity_NG,kWh,0.508,672.592
B0003,Bakery,2024-02,387,generator,diesel_generator,kWh,0.75,290.25
B0003,Bakery,2024-03,1958,grid,grid_electricity_NG,kWh,0.508,994.664
B0003,Bakery,2024-03,303,generator,diesel_generator,kWh,0.75,227.25
B0003,Bakery,2024-04,2247,grid,grid_electricity_NG,kWh,0.508,1141.476
B0003,Bakery,2024-04,658,generator,diesel_generator,kWh,0.75,493.5
B0003,Bakery,2024-05,1612,grid,grid_electricity_NG,kWh,0.508,818.896
B0003,Bakery,2024-05,441,generator,diesel_generator,kWh,0.75,330.75
B0003,Bakery,2024-06,1238,grid,grid_electricity_NG,kWh,0.508,628.904
B0003,Bakery,2024-06,129,generator,diesel_generator,kWh,0.75,96.75
B0003,Bakery,2024-07,2436,grid,grid_electricity_NG,kWh,0.508,1237.488
B0003,Bakery,2024-07,702,generator,diesel_generator,kWh,0.75,526.5
B0003,Bakery,2024-08,1349,grid,grid_electricity_NG,kWh,0.508,685.292
B0003,Bakery,2024-08,164,generator,diesel_generator,kWh,0.75,123.0
B0003,Bakery,2024-09,2315,grid,grid_electricity_NG,kWh,0.508,1176.02
B0003,Bakery,2024-09,819,generator,diesel_generator,kWh,0.75,614.25
B0003,Bakery,2024-10,2314,grid,grid_electricity_NG,kWh,0.508,1175.512
B0003,Bakery,2024-10,524,generator,diesel_generator,kWh,0.75,393.0
B0003,Bakery,2024-11,1348,grid,grid_electricity_NG,kWh,0.508,684.784
B0003,Bakery,2024-11,383,generator,diesel_generator,kWh,0.75,287.25
B0003,Bakery,2024-12,1803,grid,grid_electricity_NG,kWh,0.508,915.924
B0003,Bakery,2024-12,352,generator,diesel_generator,kWh,0.75,264.0
B0004,Bakery,2024-01,1241,grid,grid_electricity_NG,kWh,0.508,630.428
B0004,Bakery,2024-01,405,generator,diesel_generator,kWh,0.75,303.75
B0004,Bakery,2024-02,2398,grid,grid_electricity_NG,kWh,0.508,1218.184
B0004,Bakery,2024-02,948,generator,diesel_generator,kWh,0.75,711.0
B0004,Bakery,2024-03,2421,grid,grid_electricity_NG,kWh,0.508,1229.868
B0004,Bakery,2024-03,940,generator,diesel_generator,kWh,0.75,705.0
B0004,Bakery,2024-04,2214,grid,grid_electricity_NG,kWh,0.508,1124.712
B0004,Bakery,2024-04,668,generator,diesel_generator,kWh,0.75,501.0
B0004,Bakery,2024-05,1451,grid,grid_electricity_NG,kWh,0.508,737.1080000000001
B0004,Bakery,2024-05,291,generator,diesel_generator,kWh,0.75,218.25
B0004,Bakery,2024-06,1605,grid,grid_electricity_NG,kWh,0.508,815.34
B0004,Bakery,2024-06,174,generator,diesel_generator,kWh,0.75,130.5
B0004,Bakery,2024-07,2251,grid,grid_electricity_NG,kWh,0.508,1143.508
B0004,Bakery,2024-07,512,generator,diesel_generator,kWh,0.75,384.0
B0004,Bakery,2024-08,2079,grid,grid_electricity_NG,kWh,0.508,1056.132
B0004,Bakery,2024-08,430,generator,diesel_generator,kWh,0.75,322.5
B0004,Bakery,2024-09,2154,grid,grid_electricity_NG,kWh,0.508,1094.232
B0004,Bakery,2024-09,490,generator,diesel_generator,kWh,0.75,367.5
B0004,Bakery,2024-10,1843,grid,grid_electricity_NG,kWh,0.508,936.244
B0004,Bakery,2024-10,479,generator,diesel_generator,kWh,0.75,359.25
B0004,Bakery,2024-11,2049,grid,grid_electricity_NG,kWh,0.508,1040.892
B0004,Bakery,2024-11,342,generator,diesel_generator,kWh,0.75,256.5
B0004,Bakery,2024-12,1868,grid,grid_electricity_NG,kWh,0.508,948.944
B0004,Bakery,2024-12,695,generator,diesel_generator,kWh,0.75,521.25
B0005,Bakery,2024-01,2264,grid,grid_electricity_NG,kWh,0.508,1150.112
B0005,Bakery,2024-01,379,generator,diesel_generator,kWh,0.75,284.25
B0005,Bakery,2024-02,1645,grid,grid_electricity_NG,kWh,0.508,835.66
B0005,Bakery,2024-02,314,generator,diesel_generator,kWh,0.75,235.5
B0005,Bakery,2024-03,2070,grid,grid_electricity_NG,kWh,0.508,1051.56
B0005,Bakery,2024-03,813,generator,diesel_generator,kWh,0.75,609.75
B0005,Bakery,2024-04,1576,grid,grid_electricity_NG,kWh,0.508,800.6080000000001
B0005,Bakery,2024-04,526,generator,diesel_generator,kWh,0.75,394.5
B0005,Bakery,2024-05,1275,grid,grid_electricity_NG,kWh,0.508,647.7
B0005,Bakery,2024-05,361,generator,diesel_generator,kWh,0.75,270.75
B0005,Bakery,2024-06,2293,grid,grid_electricity_NG,kWh,0.508,1164.844
B0005,Bakery,2024-06,353,generator,diesel_generator,kWh,0.75,264.75
B0005,Bakery,2024-07,2498,grid,grid_electricity_NG,kWh,0.508,1268.984
B0005,Bakery,2024-07,664,generator,diesel_generator,kWh,0.75,498.0
B0005,Bakery,2024-08,1648,grid,grid_electricity_NG,kWh,0.508,837.184
B0005,Bakery,2024-08,249,generator,diesel_generator,kWh,0.75,186.75
B0005,Bakery,2024-09,2046,grid,grid_electricity_NG,kWh,0.508,1039.368
B0005,Bakery,2024-09,647,generator,diesel_generator,kWh,0.75,485.25
B0005,Bakery,2024-10,1819,grid,grid_electricity_NG,kWh,0.508,924.052
B0005,Bakery,2024-10,651,generator,diesel_generator,kWh,0.75,488.25
B0005,Bakery,2024-11,2348,grid,grid_electricity_NG,kWh,0.508,1192.784
B0005,Bakery,2024-11,510,generator,diesel_generator,kWh,0.75,382.5
B0005,Bakery,2024-12,2317,grid,grid_electricity_NG,kWh,0.508,1177.036
B0005,Bakery,2024-12,254,generator,diesel_generator,kWh,0.75,190.5
B0006,Bakery,2024-01,1393,grid,grid_electricity_NG,kWh,0.508,707.644
B0006,Bakery,2024-01,364,generator,diesel_generator,kWh,0.75,273.0
B0006,Bakery,2024-02,1721,grid,grid_electricity_NG,kWh,0.508,874.268
B0006,Bakery,2024-02,444,generator,diesel_generator,kWh,0.75,333.0
B0006,Bakery,2024-03,2318,grid,grid_electricity_NG,kWh,0.508,1177.544
B0006,Bakery,2024-03,385,generator,diesel_generator,kWh,0.75,288.75
B0006,Bakery,2024-04,2333,grid,grid_electricity_NG,kWh,0.508,1185.164
B0006,Bakery,2024-04,817,generator,diesel_generator,kWh,0.75,612.75
B0006,Bakery,2024-05,1845,grid,grid_electricity_NG,kWh,0.508,937.26
B0006,Bakery,2024-05,425,generator,diesel_generator,kWh,0.75,318.75
B0006,Bakery,2024-06,2092,grid,grid_electricity_NG,kWh,0.508,1062.736
B0006,Bakery,2024-06,395,generator,diesel_generator,kWh,0.75,296.25
B0006,Bakery,2024-07,2469,grid,grid_electricity_NG,kWh,0.508,1254.252
B0006,Bakery,2024-07,341,generator,diesel_generator,kWh,0.75,255.75
B0006,Bakery,2024-08,1882,grid,grid_electricity_NG,kWh,0.508,956.056
B0006,Bakery,2024-08,213,generator,diesel_generator,kWh,0.75,159.75
B0006,Bakery,2024-09,1739,grid,grid_electricity_NG,kWh,0.508,883.412
B0006,Bakery,2024-09,440,generator,diesel_generator,kWh,0.75,330.0
B0006,Bakery,2024-10,1334,grid,grid_electricity_NG,kWh,0.508,677.672
B0006,Bakery,2024-10,316,generator,diesel_generator,kWh,0.75,237.0
B0006,Bakery,2024-11,1943,grid,grid_electricity_NG,kWh,0.508,987.044
B0006,Bakery,2024-11,539,generator,diesel_generator,kWh,0.75,404.25
B0006,Bakery,2024-12,1869,grid,grid_electricity_NG,kWh,0.508,949.452
B0006,Bakery,2024-12,393,generator,diesel_generator,kWh,0.75,294.75
B0007,Bakery,2024-01,2044,grid,grid_electricity_NG,kWh,0.508,1038.352
B0007,Bakery,2024-01,700,generator,diesel_generator,kWh,0.75,525.0
B0007,Bakery,2024-02,1517,grid,grid_electricity_NG,kWh,0.508,770.636
B0007,Bakery,2024-02,538,generator,diesel_generator,kWh,0.75,403.5
B0007,Bakery,2024-03,2199,grid,grid_electricity_NG,kWh,0.508,1117.092
B0007,Bakery,2024-03,348,generator,diesel_generator,kWh,0.75,261.0
B0007,Bakery,2024-04,1406,grid,grid_electricity_NG,kWh,0.508,714.248
B0007,Bakery,2024-04,208,generator,diesel_generator,kWh,0.75,156.0
B0007,Bakery,2024-05,2230,grid,grid_electricity_NG,kWh,0.508,1132.84
B0007,Bakery,2024-05,796,generator,diesel_generator,kWh,0.75,597.0
B0007,Bakery,2024-06,1707,grid,grid_electricity_NG,kWh,0.508,867.1560000000001
B0007,Bakery,2024-06,203,generator,diesel_generator,kWh,0.75,152.25
B0007,Bakery,2024-07,1534,grid,grid_electricity_NG,kWh,0.508,779.272
B0007,Bakery,2024-07,418,generator,diesel_generator,kWh,0.75,313.5
B0007,Bakery,2024-08,1887,grid,grid_electricity_NG,kWh,0.508,958.596
B0007,Bakery,2024-08,650,generator,diesel_generator,kWh,0.75,487.5
B0007,Bakery,2024-09,1302,grid,grid_electricity_NG,kWh,0.508,661.416
B0007,Bakery,2024-09,512,generator,diesel_generator,kWh,0.75,384.0
B0007,Bakery,2024-10,1317,grid,grid_electricity_NG,kWh,0.508,669.0360000000001
B0007,Bakery,2024-10,197,generator,diesel_generator,kWh,0.75,147.75
B0007,Bakery,2024-11,1665,grid,grid_electricity_NG,kWh,0.508,845.82
B0007,Bakery,2024-11,166,generator,diesel_generator,kWh,0.75,124.5
B0007,Bakery,2024-12,1842,grid,grid_electricity_NG,kWh,0.508,935.736
B0007,Bakery,2024-12,478,generator,diesel_generator,kWh,0.75,358.5
B0008,Bakery,2024-01,2159,grid,grid_electricity_NG,kWh,0.508,1096.772
B0008,Bakery,2024-01,344,generator,diesel_generator,kWh,0.75,258.0
B0008,Bakery,2024-02,2167,grid,grid_electricity_NG,kWh,0.508,1100.836
B0008,Bakery,2024-02,325,generator,diesel_generator,kWh,0.75,243.75
B0008,Bakery,2024-03,2418,grid,grid_electricity_NG,kWh,0.508,1228.344
B0008,Bakery,2024-03,862,generator,diesel_generator,kWh,0.75,646.5
B0008,Bakery,2024-04,1830,grid,grid_electricity_NG,kWh,0.508,929.64
B0008,Bakery,2024-04,526,generator,diesel_generator,kWh,0.75,394.5
B0008,Bakery,2024-05,1451,grid,grid_electricity_NG,kWh,0.508,737.1080000000001
B0008,Bakery,2024-05,483,generator,diesel_generator,kWh,0.75,362.25
B0008,Bakery,2024-06,2396,grid,grid_electricity_NG,kWh,0.508,1217.1680000000001
B0008,Bakery,2024-06,660,generator,diesel_generator,kWh,0.75,495.0
B0008,Bakery,2024-07,2205,grid,grid_electricity_NG,kWh,0.508,1120.14
B0008,Bakery,2024-07,733,generator,diesel_generator,kWh,0.75,549.75
B0008,Bakery,2024-08,2401,grid,grid_electricity_NG,kWh,0.508,1219.708
B0008,Bakery,2024-08,582,generator,diesel_generator,kWh,0.75,436.5
B0008,Bakery,2024-09,2202,grid,grid_electricity_NG,kWh,0.508,1118.616
B0008,Bakery,2024-09,753,generator,diesel_generator,kWh,0.75,564.75
B0008,Bakery,2024-10,1615,grid,grid_electricity_NG,kWh,0.508,820.42
B0008,Bakery,2024-10,320,generator,diesel_generator,kWh,0.75,240.0
B0008,Bakery,2024-11,2425,grid,grid_electricity_NG,kWh,0.508,1231.9
B0008,Bakery,2024-11,807,generator,diesel_generator,kWh,0.75,605.25
B0008,Bakery,2024-12,2111,grid,grid_electricity_NG,kWh,0.508,1072.388
B0008,Bakery,2024-12,663,generator,diesel_generator,kWh,0.75,497.25
B0009,Bakery,2024-01,1829,grid,grid_electricity_NG,kWh,0.508,929.1320000000001
B0009,Bakery,2024-01,557,generator,diesel_generator,kWh,0.75,417.75
B0009,Bakery,2024-02,1473,grid,grid_electricity_NG,kWh,0.508,748.284
B0009,Bakery,2024-02,318,generator,diesel_generator,kWh,0.75,238.5
B0009,Bakery,2024-03,1502,grid,grid_electricity_NG,kWh,0.508,763.016
B0009,Bakery,2024-03,512,generator,diesel_generator,kWh,0.75,384.0
B0009,Bakery,2024-04,1539,grid,grid_electricity_NG,kWh,0.508,781.812
B0009,Bakery,2024-04,569,generator,diesel_generator,kWh,0.75,426.75
B0009,Bakery,2024-05,2156,grid,grid_electricity_NG,kWh,0.508,1095.248
B0009,Bakery,2024-05,800,generator,diesel_generator,kWh,0.75,600.0
B0009,Bakery,2024-06,1214,grid,grid_electricity_NG,kWh,0.508,616.712
B0009,Bakery,2024-06,124,generator,diesel_generator,kWh,0.75,93.0
B0009,Bakery,2024-07,1547,grid,grid_electricity_NG,kWh,0.508,785.876
B0009,Bakery,2024-07,255,generator,diesel_generator,kWh,0.75,191.25
B0009,Bakery,2024-08,1937,grid,grid_electricity_NG,kWh,0.508,983.996
B0009,Bakery,2024-08,585,generator,diesel_generator,kWh,0.75,438.75
B0009,Bakery,2024-09,1358,grid,grid_electricity_NG,kWh,0.508,689.864
B0009,Bakery,2024-09,143,generator,diesel_generator,kWh,0.75,107.25
B0009,Bakery,2024-10,1485,grid,grid_electricity_NG,kWh,0.508,754.38
B0009,Bakery,2024-10,247,generator,diesel_generator,kWh,0.75,185.25
B0009,Bakery,2024-11,2348,grid,grid_electricity_NG,kWh,0.508,1192.784
B0009,Bakery,2024-11,364,generator,diesel_generator,kWh,0.75,273.0
B0009,Bakery,2024-12,2113,grid,grid_electricity_NG,kWh,0.508,1073.404
B0009,Bakery,2024-12,760,generator,diesel_generator,kWh,0.75,570.0
B0010,Bakery,2024-01,2136,grid,grid_electricity_NG,kWh,0.508,1085.088
B0010,Bakery,2024-01,592,generator,diesel_generator,kWh,0.75,444.0
B0010,Bakery,2024-02,1405,grid,grid_electricity_NG,kWh,0.508,713.74
B0010,Bakery,2024-02,142,generator,diesel_generator,kWh,0.75,106.5
B0010,Bakery,2024-03,2297,grid,grid_electricity_NG,kWh,0.508,1166.876
B0010,Bakery,2024-03,708,generator,diesel_generator,kWh,0.75,531.0
B0010,Bakery,2024-04,2104,grid,grid_electricity_NG,kWh,0.508,1068.832
B0010,Bakery,2024-04,334,generator,diesel_generator,kWh,0.75,250.5
B0010,Bakery,2024-05,2198,grid,grid_electricity_NG,kWh,0.508,1116.584
B0010,Bakery,2024-05,797,generator,diesel_generator,kWh,0.75,597.75
B0010,Bakery,2024-06,1738,grid,grid_electricity_NG,kWh,0.508,882.904
B0010,Bakery,2024-06,321,generator,diesel_generator,kWh,0.75,240.75
B0010,Bakery,2024-07,1896,grid,grid_electricity_NG,kWh,0.508,963.168
B0010,Bakery,2024-07,507,generator,diesel_generator,kWh,0.75,380.25
B0010,Bakery,2024-08,1253,grid,grid_electricity_NG,kWh,0.508,636.524
B0010,Bakery,2024-08,436,generator,diesel_generator,kWh,0.75,327.0
B0010,Bakery,2024-09,1717,grid,grid_electricity_NG,kWh,0.508,872.236
B0010,Bakery,2024-09,505,generator,diesel_generator,kWh,0.75,378.75
B0010,Bakery,2024-10,2006,grid,grid_electricity_NG,kWh,0.508,1019.048
B0010,Bakery,2024-10,509,generator,diesel_generator,kWh,0.75,381.75
B0010,Bakery,2024-11,1746,grid,grid_electricity_NG,kWh,0.508,886.968
B0010,Bakery,2024-11,546,generator,diesel_generator,kWh,0.75,409.5
B0010,Bakery,2024-12,2253,grid,grid_electricity_NG,kWh,0.508,1144.5240000000001
B0010,Bakery,2024-12,834,generator,diesel_generator,kWh,0.75,625.5
B0011,Supermarket,2024-01,3239,grid,grid_electricity_NG,kWh,0.508,1645.412
B0011,Supermarket,2024-01,655,generator,diesel_generator,kWh,0.75,491.25
B0011,Supermarket,2024-02,7371,grid,grid_electricity_NG,kWh,0.508,3744.468
B0011,Supermarket,2024-02,1961,generator,diesel_generator,kWh,0.75,1470.75
B0011,Supermarket,2024-03,6846,grid,grid_electricity_NG,kWh,0.508,3477.768
B0011,Supermarket,2024-03,2109,generator,diesel_generator,kWh,0.75,1581.75
B0011,Supermarket,2024-04,5074,grid,grid_electricity_NG,kWh,0.508,2577.592
B0011,Supermarket,2024-04,1292,generator,diesel_generator,kWh,0.75,969.0
B0011,Supermarket,2024-05,3938,grid,grid_electricity_NG,kWh,0.508,2000.5040000000001
B0011,Supermarket,2024-05,631,generator,diesel_generator,kWh,0.75,473.25
B0011,Supermarket,2024-06,5643,grid,grid_electricity_NG,kWh,0.508,2866.6440000000002
B0011,Supermarket,2024-06,663,generator,diesel_generator,kWh,0.75,497.25
B0011,Supermarket,2024-07,6803,grid,grid_electricity_NG,kWh,0.508,3455.924
B0011,Supermarket,2024-07,1323,generator,diesel_generator,kWh,0.75,992.25
B0011,Supermarket,2024-08,6320,grid,grid_electricity_NG,kWh,0.508,3210.56
B0011,Supermarket,2024-08,1580,generator,diesel_generator,kWh,0.75,1185.0
B0011,Supermarket,2024-09,3555,grid,grid_electricity_NG,kWh,0.508,1805.94
B0011,Supermarket,2024-09,533,generator,diesel_generator,kWh,0.75,399.75
B0011,Supermarket,2024-10,6644,grid,grid_electricity_NG,kWh,0.508,3375.152
B0011,Supermarket,2024-10,1598,generator,diesel_generator,kWh,0.75,1198.5
B0011,Supermarket,2024-11,4351,grid,grid_electricity_NG,kWh,0.508,2210.308
B0011,Supermarket,2024-11,708,generator,diesel_generator,kWh,0.75,531.0
B0011,Supermarket,2024-12,7403,grid,grid_electricity_NG,kWh,0.508,3760.724
B0011,Supermarket,2024-12,2132,generator,diesel_generator,kWh,0.75,1599.0
B0012,Supermarket,2024-01,4298,grid,grid_electricity_NG,kWh,0.508,2183.384
B0012,Supermarket,2024-01,1464,generator,diesel_generator,kWh,0.75,1098.0
B0012,Supermarket,2024-02,3022,grid,grid_electricity_NG,kWh,0.508,1535.176
B0012,Supermarket,2024-02,315,generator,diesel_generator,kWh,0.75,236.25
B0012,Supermarket,2024-03,5841,grid,grid_electricity_NG,kWh,0.508,2967.228
B0012,Supermarket,2024-03,1289,generator,diesel_generator,kWh,0.75,966.75
B0012,Supermarket,2024-04,7192,grid,grid_electricity_NG,kWh,0.508,3653.536
B0012,Supermarket,2024-04,1586,generator,diesel_generator,kWh,0.75,1189.5
B0012,Supermarket,2024-05,6302,grid,grid_electricity_NG,kWh,0.508,3201.416
B0012,Supermarket,2024-05,1993,generator,diesel_generator,kWh,0.75,1494.75
B0012,Supermarket,2024-06,5753,grid,grid_electricity_NG,kWh,0.508,2922.524
B0012,Supermarket,2024-06,677,generator,diesel_generator,kWh,0.75,507.75
B0012,Supermarket,2024-07,4800,grid,grid_electricity_NG,kWh,0.508,2438.4
B0012,Supermarket,2024-07,667,generator,diesel_generator,kWh,0.75,500.25
B0012,Supermarket,2024-08,5072,grid,grid_electricity_NG,kWh,0.508,2576.576
B0012,Supermarket,2024-08,922,generator,diesel_generator,kWh,0.75,691.5
B0012,Supermarket,2024-09,5882,grid,grid_electricity_NG,kWh,0.508,2988.056
B0012,Supermarket,2024-09,1659,generator,diesel_generator,kWh,0.75,1244.25
B0012,Supermarket,2024-10,6047,grid,grid_electricity_NG,kWh,0.508,3071.876
B0012,Supermarket,2024-10,1522,generator,diesel_generator,kWh,0.75,1141.5
B0012,Supermarket,2024-11,6802,grid,grid_electricity_NG,kWh,0.508,3455.416
B0012,Supermarket,2024-11,2057,generator,diesel_generator,kWh,0.75,1542.75
B0012,Supermarket,2024-12,5438,grid,grid_electricity_NG,kWh,0.508,2762.504
B0012,Supermarket,2024-12,1690,generator,diesel_generator,kWh,0.75,1267.5
B0013,Supermarket,2024-01,7055,grid,grid_electricity_NG,kWh,0.508,3583.94
B0013,Supermarket,2024-01,2493,generator,diesel_generator,kWh,0.75,1869.75
B0013,Supermarket,2024-02,7538,grid,grid_electricity_NG,kWh,0.508,3829.304
B0013,Supermarket,2024-02,2843,generator,diesel_generator,kWh,0.75,2132.25
B0013,Supermarket,2024-03,3233,grid,grid_electricity_NG,kWh,0.508,1642.364
B0013,Supermarket,2024-03,555,generator,diesel_generator,kWh,0.75,416.25
B0013,Supermarket,2024-04,5871,grid,grid_electricity_NG,kWh,0.508,2982.468
B0013,Supermarket,2024-04,688,generator,diesel_generator,kWh,0.75,516.0
B0013,Supermarket,2024-05,5421,grid,grid_electricity_NG,kWh,0.508,2753.868
B0013,Supermarket,2024-05,1859,generator,diesel_generator,kWh,0.75,1394.25
B0013,Supermarket,2024-06,5056,grid,grid_electricity_NG,kWh,0.508,2568.448
B0013,Supermarket,2024-06,1724,generator,diesel_generator,kWh,0.75,1293.0
B0013,Supermarket,2024-07,3278,grid,grid_electricity_NG,kWh,0.508,1665.224
B0013,Supermarket,2024-07,619,generator,diesel_generator,kWh,0.75,464.25
B0013,Supermarket,2024-08,3667,grid,grid_electricity_NG,kWh,0.508,1862.836
B0013,Supermarket,2024-08,861,generator,diesel_generator,kWh,0.75,645.75
B0013,Supermarket,2024-09,5412,grid,grid_electricity_NG,kWh,0.508,2749.296
B0013,Supermarket,2024-09,1876,generator,diesel_generator,kWh,0.75,1407.0
B0013,Supermarket,2024-10,6357,grid,grid_electricity_NG,kWh,0.508,3229.356
B0013,Supermarket,2024-10,2069,generator,diesel_generator,kWh,0.75,1551.75
B0013,Supermarket,2024-11,6137,grid,grid_electricity_NG,kWh,0.508,3117.596
B0013,Supermarket,2024-11,1163,generator,diesel_generator,kWh,0.75,872.25
B0013,Supermarket,2024-12,3202,grid,grid_electricity_NG,kWh,0.508,1626.616
B0013,Supermarket,2024-12,1233,generator,diesel_generator,kWh,0.75,924.75
B0014,Supermarket,2024-01,6361,grid,grid_electricity_NG,kWh,0.508,3231.388
B0014,Supermarket,2024-01,1471,generator,diesel_generator,kWh,0.75,1103.25
B0014,Supermarket,2024-02,7601,grid,grid_electricity_NG,kWh,0.508,3861.308
B0014,Supermarket,2024-02,2624,generator,diesel_generator,kWh,0.75,1968.0
B0014,Supermarket,2024-03,7880,grid,grid_electricity_NG,kWh,0.508,4003.04
B0014,Supermarket,2024-03,2531,generator,diesel_generator,kWh,0.75,1898.25
B0014,Supermarket,2024-04,4927,grid,grid_electricity_NG,kWh,0.508,2502.916
B0014,Supermarket,2024-04,1346,generator,diesel_generator,kWh,0.75,1009.5
B0014,Supermarket,2024-05,6356,grid,grid_electricity_NG,kWh,0.508,3228.848
B0014,Supermarket,2024-05,1788,generator,diesel_generator,kWh,0.75,1341.0
B0014,Supermarket,2024-06,4405,grid,grid_electricity_NG,kWh,0.508,2237.7400000000002
B0014,Supermarket,2024-06,1139,generator,diesel_generator,kWh,0.75,854.25
B0014,Supermarket,2024-07,7832,grid,grid_electricity_NG,kWh,0.508,3978.656
B0014,Supermarket,2024-07,1959,generator,diesel_generator,kWh,0.75,1469.25
B0014,Supermarket,2024-08,5799,grid,grid_electricity_NG,kWh,0.508,2945.892
B0014,Supermarket,2024-08,941,generator,diesel_generator,kWh,0.75,705.75
B0014,Supermarket,2024-09,4538,grid,grid_electricity_NG,kWh,0.508,2305.304
B0014,Supermarket,2024-09,577,generator,diesel_generator,kWh,0.75,432.75
B0014,Supermarket,2024-10,6890,grid,grid_electricity_NG,kWh,0.508,3500.12
B0014,Supermarket,2024-10,2325,generator,diesel_generator,kWh,0.75,1743.75
B0014,Supermarket,2024-11,4757,grid,grid_electricity_NG,kWh,0.508,2416.556
B0014,Supermarket,2024-11,1859,generator,diesel_generator,kWh,0.75,1394.25
B0014,Supermarket,2024-12,5727,grid,grid_electricity_NG,kWh,0.508,2909.3160000000003
B0014,Supermarket,2024-12,1769,generator,diesel_generator,kWh,0.75,1326.75
B0015,Supermarket,2024-01,3864,grid,grid_electricity_NG,kWh,0.508,1962.912
B0015,Supermarket,2024-01,523,generator,diesel_generator,kWh,0.75,392.25
B0015,Supermarket,2024-02,5940,grid,grid_electricity_NG,kWh,0.508,3017.52
B0015,Supermarket,2024-02,2059,generator,diesel_generator,kWh,0.75,1544.25
B0015,Supermarket,2024-03,5328,grid,grid_electricity_NG,kWh,0.508,2706.6240000000003
B0015,Supermarket,2024-03,945,generator,diesel_generator,kWh,0.75,708.75
B0015,Supermarket,2024-04,7338,grid,grid_electricity_NG,kWh,0.508,3727.704
B0015,Supermarket,2024-04,1558,generator,diesel_generator,kWh,0.75,1168.5
B0015,Supermarket,2024-05,7004,grid,grid_electricity_NG,kWh,0.508,3558.032
B0015,Supermarket,2024-05,2574,generator,diesel_generator,kWh,0.75,1930.5
B0015,Supermarket,2024-06,6498,grid,grid_electricity_NG,kWh,0.508,3300.984
B0015,Supermarket,2024-06,1353,generator,diesel_generator,kWh,0.75,1014.75
B0015,Supermarket,2024-07,4973,grid,grid_electricity_NG,kWh,0.508,2526.284
B0015,Supermarket,2024-07,915,generator,diesel_generator,kWh,0.75,686.25
B0015,Supermarket,2024-08,4187,grid,grid_electricity_NG,kWh,0.508,2126.996
B0015,Supermarket,2024-08,1616,generator,diesel_generator,kWh,0.75,1212.0
B0015,Supermarket,2024-09,7314,grid,grid_electricity_NG,kWh,0.508,3715.512
B0015,Supermarket,2024-09,1035,generator,diesel_generator,kWh,0.75,776.25
B0015,Supermarket,2024-10,3960,grid,grid_electricity_NG,kWh,0.508,2011.68
B0015,Supermarket,2024-10,813,generator,diesel_generator,kWh,0.75,609.75
B0015,Supermarket,2024-11,5042,grid,grid_electricity_NG,kWh,0.508,2561.3360000000002
B0015,Supermarket,2024-11,1721,generator,diesel_generator,kWh,0.75,1290.75
B0015,Supermarket,2024-12,5025,grid,grid_electricity_NG,kWh,0.508,2552.7
B0015,Supermarket,2024-12,1265,generator,diesel_generator,kWh,0.75,948.75
B0016,Supermarket,2024-01,5605,grid,grid_electricity_NG,kWh,0.508,2847.34
B0016,Supermarket,2024-01,1870,generator,diesel_generator,kWh,0.75,1402.5
B0016,Supermarket,2024-02,7045,grid,grid_electricity_NG,kWh,0.508,3578.86
B0016,Supermarket,2024-02,2633,generator,diesel_generator,kWh,0.75,1974.75
B0016,Supermarket,2024-03,4405,grid,grid_electricity_NG,kWh,0.508,2237.7400000000002
B0016,Supermarket,2024-03,1192,generator,diesel_generator,kWh,0.75,894.0
B0016,Supermarket,2024-04,5094,grid,grid_electricity_NG,kWh,0.508,2587.752
B0016,Supermarket,2024-04,510,generator,diesel_generator,kWh,0.75,382.5
B0016,Supermarket,2024-05,5246,grid,grid_electricity_NG,kWh,0.508,2664.968
B0016,Supermarket,2024-05,809,generator,diesel_generator,kWh,0.75,606.75
B0016,Supermarket,2024-06,6878,grid,grid_electricity_NG,kWh,0.508,3494.024
B0016,Supermarket,2024-06,792,generator,diesel_generator,kWh,0.75,594.0
B0016,Supermarket,2024-07,7425,grid,grid_electricity_NG,kWh,0.508,3771.9
B0016,Supermarket,2024-07,983,generator,diesel_generator,kWh,0.75,737.25
B0016,Supermarket,2024-08,7180,grid,grid_electricity_NG,kWh,0.508,3647.44
B0016,Supermarket,2024-08,2437,generator,diesel_generator,kWh,0.75,1827.75
B0016,Supermarket,2024-09,4153,grid,grid_electricity_NG,kWh,0.508,2109.724
B0016,Supermarket,2024-09,842,generator,diesel_generator,kWh,0.75,631.5
B0016,Supermarket,2024-10,7979,grid,grid_electricity_NG,kWh,0.508,4053.332
B0016,Supermarket,2024-10,2098,generator,diesel_generator,kWh,0.75,1573.5
B0016,Supermarket,2024-11,7586,grid,grid_electricity_NG,kWh,0.508,3853.688
B0016,Supermarket,2024-11,1999,generator,diesel_generator,kWh,0.75,1499.25
B0016,Supermarket,2024-12,6589,grid,grid_electricity_NG,kWh,0.508,3347.212
B0016,Supermarket,2024-12,1007,generator,diesel_generator,kWh,0.75,755.25
B0017,Supermarket,2024-01,4636,grid,grid_electricity_NG,kWh,0.508,2355.088
B0017,Supermarket,2024-01,1051,generator,diesel_generator,kWh,0.75,788.25
B0017,Supermarket,2024-02,7846,grid,grid_electricity_NG,kWh,0.508,3985.768
B0017,Supermarket,2024-02,835,generator,diesel_generator,kWh,0.75,626.25
B0017,Supermarket,2024-03,5554,grid,grid_electricity_NG,kWh,0.508,2821.4320000000002
B0017,Supermarket,2024-03,1938,generator,diesel_generator,kWh,0.75,1453.5
B0017,Supermarket,2024-04,7428,grid,grid_electricity_NG,kWh,0.508,3773.424
B0017,Supermarket,2024-04,1439,generator,diesel_generator,kWh,0.75,1079.25
B0017,Supermarket,2024-05,4314,grid,grid_electricity_NG,kWh,0.508,2191.512
B0017,Supermarket,2024-05,1634,generator,diesel_generator,kWh,0.75,1225.5
B0017,Supermarket,2024-06,7407,grid,grid_electricity_NG,kWh,0.508,3762.756
B0017,Supermarket,2024-06,2087,generator,diesel_generator,kWh,0.75,1565.25
B0017,Supermarket,2024-07,3501,grid,grid_electricity_NG,kWh,0.508,1778.508
B0017,Supermarket,2024-07,434,generator,diesel_generator,kWh,0.75,325.5
B0017,Supermarket,2024-08,4273,grid,grid_electricity_NG,kWh,0.508,2170.684
B0017,Supermarket,2024-08,639,generator,diesel_generator,kWh,0.75,479.25
B0017,Supermarket,2024-09,3288,grid,grid_electricity_NG,kWh,0.508,1670.304
B0017,Supermarket,2024-09,1097,generator,diesel_generator,kWh,0.75,822.75
B0017,Supermarket,2024-10,5461,grid,grid_electricity_NG,kWh,0.508,2774.188
B0017,Supermarket,2024-10,2143,generator,diesel_generator,kWh,0.75,1607.25
B0017,Supermarket,2024-11,4964,grid,grid_electricity_NG,kWh,0.508,2521.712
B0017,Supermarket,2024-11,1702,generator,diesel_generator,kWh,0.75,1276.5
B0017,Supermarket,2024-12,3141,grid,grid_electricity_NG,kWh,0.508,1595.628
B0017,Supermarket,2024-12,801,generator,diesel_generator,kWh,0.75,600.75
B0018,Supermarket,2024-01,7358,grid,grid_electricity_NG,kWh,0.508,3737.864
B0018,Supermarket,2024-01,2167,generator,diesel_generator,kWh,0.75,1625.25
B0018,Supermarket,2024-02,5250,grid,grid_electricity_NG,kWh,0.508,2667.0
B0018,Supermarket,2024-02,1221,generator,diesel_generator,kWh,0.75,915.75
B0018,Supermarket,2024-03,6747,grid,grid_electricity_NG,kWh,0.508,3427.476
B0018,Supermarket,2024-03,2496,generator,diesel_generator,kWh,0.75,1872.0
B0018,Supermarket,2024-04,5159,grid,grid_electricity_NG,kWh,0.508,2620.772
B0018,Supermarket,2024-04,1524,generator,diesel_generator,kWh,0.75,1143.0
B0018,Supermarket,2024-05,3161,grid,grid_electricity_NG,kWh,0.508,1605.788
B0018,Supermarket,2024-05,474,generator,diesel_generator,kWh,0.75,355.5
B0018,Supermarket,2024-06,5682,grid,grid_electricity_NG,kWh,0.508,2886.456
B0018,Supermarket,2024-06,2176,generator,diesel_generator,kWh,0.75,1632.0
B0018,Supermarket,2024-07,6816,grid,grid_electricity_NG,kWh,0.508,3462.5280000000002
B0018,Supermarket,2024-07,2089,generator,diesel_generator,kWh,0.75,1566.75
B0018,Supermarket,2024-08,7346,grid,grid_electricity_NG,kWh,0.508,3731.768
B0018,Supermarket,2024-08,1533,generator,diesel_generator,kWh,0.75,1149.75
B0018,Supermarket,2024-09,6148,grid,grid_electricity_NG,kWh,0.508,3123.184
B0018,Supermarket,2024-09,1670,generator,diesel_generator,kWh,0.75,1252.5
B0018,Supermarket,2024-10,6987,grid,grid_electricity_NG,kWh,0.508,3549.396
B0018,Supermarket,2024-10,1003,generator,diesel_generator,kWh,0.75,752.25
B0018,Supermarket,2024-11,4044,grid,grid_electricity_NG,kWh,0.508,2054.352
B0018,Supermarket,2024-11,458,generator,diesel_generator,kWh,0.75,343.5
B0018,Supermarket,2024-12,5734,grid,grid_electricity_NG,kWh,0.508,2912.872
B0018,Supermarket,2024-12,1865,generator,diesel_generator,kWh,0.75,1398.75
B0019,Supermarket,2024-01,3721,grid,grid_electricity_NG,kWh,0.508,1890.268
B0019,Supermarket,2024-01,681,generator,diesel_generator,kWh,0.75,510.75
B0019,Supermarket,2024-02,7250,grid,grid_electricity_NG,kWh,0.508,3683.0
B0019,Supermarket,2024-02,1416,generator,diesel_generator,kWh,0.75,1062.0
B0019,Supermarket,2024-03,3923,grid,grid_electricity_NG,kWh,0.508,1992.884
B0019,Supermarket,2024-03,1061,generator,diesel_generator,kWh,0.75,795.75
B0019,Supermarket,2024-04,3472,grid,grid_electricity_NG,kWh,0.508,1763.776
B0019,Supermarket,2024-04,464,generator,diesel_generator,kWh,0.75,348.0
B0019,Supermarket,2024-05,5596,grid,grid_electricity_NG,kWh,0.508,2842.768
B0019,Supermarket,2024-05,1901,generator,diesel_generator,kWh,0.75,1425.75
B0019,Supermarket,2024-06,7472,grid,grid_electricity_NG,kWh,0.508,3795.776
B0019,Supermarket,2024-06,2321,generator,diesel_generator,kWh,0.75,1740.75
B0019,Supermarket,2024-07,7462,grid,grid_electricity_NG,kWh,0.508,3790.696
B0019,Supermarket,2024-07,891,generator,diesel_generator,kWh,0.75,668.25
B0019,Supermarket,2024-08,4472,grid,grid_electricity_NG,kWh,0.508,2271.776
B0019,Supermarket,2024-08,1630,generator,diesel_generator,kWh,0.75,1222.5
B0019,Supermarket,2024-09,4330,grid,grid_electricity_NG,kWh,0.508,2199.64
B0019,Supermarket,2024-09,769,generator,diesel_generator,kWh,0.75,576.75
B0019,Supermarket,2024-10,7862,grid,grid_electricity_NG,kWh,0.508,3993.896
B0019,Supermarket,2024-10,2078,generator,diesel_generator,kWh,0.75,1558.5
B0019,Supermarket,2024-11,5558,grid,grid_electricity_NG,kWh,0.508,2823.464
B0019,Supermarket,2024-11,1235,generator,diesel_generator,kWh,0.75,926.25
B0019,Supermarket,2024-12,4979,grid,grid_electricity_NG,kWh,0.508,2529.332
B0019,Supermarket,2024-12,507,generator,diesel_generator,kWh,0.75,380.25
B0020,Supermarket,2024-01,5693,grid,grid_electricity_NG,kWh,0.508,2892.044
B0020,Supermarket,2024-01,1146,generator,diesel_generator,kWh,0.75,859.5
B0020,Supermarket,2024-02,5109,grid,grid_electricity_NG,kWh,0.508,2595.372
B0020,Supermarket,2024-02,682,generator,diesel_generator,kWh,0.75,511.5
B0020,Supermarket,2024-03,4568,grid,grid_electricity_NG,kWh,0.508,2320.544
B0020,Supermarket,2024-03,1263,generator,diesel_generator,kWh,0.75,947.25
B0020,Supermarket,2024-04,7985,grid,grid_electricity_NG,kWh,0.508,4056.38
B0020,Supermarket,2024-04,1992,generator,diesel_generator,kWh,0.75,1494.0
B0020,Supermarket,2024-05,5183,grid,grid_electricity_NG,kWh,0.508,2632.964
B0020,Supermarket,2024-05,572,generator,diesel_generator,kWh,0.75,429.0
B0020,Supermarket,2024-06,6027,grid,grid_electricity_NG,kWh,0.508,3061.716
B0020,Supermarket,2024-06,2137,generator,diesel_generator,kWh,0.75,1602.75
B0020,Supermarket,2024-07,6005,grid,grid_electricity_NG,kWh,0.508,3050.54
B0020,Supermarket,2024-07,1931,generator,diesel_generator,kWh,0.75,1448.25
B0020,Supermarket,2024-08,5757,grid,grid_electricity_NG,kWh,0.508,2924.556
B0020,Supermarket,2024-08,2277,generator,diesel_generator,kWh,0.75,1707.75
B0020,Supermarket,2024-09,6458,grid,grid_electricity_NG,kWh,0.508,3280.664
B0020,Supermarket,2024-09,2054,generator,diesel_generator,kWh,0.75,1540.5
B0020,Supermarket,2024-10,6321,grid,grid_electricity_NG,kWh,0.508,3211.068
B0020,Supermarket,2024-10,1129,generator,diesel_generator,kWh,0.75,846.75
B0020,Supermarket,2024-11,4686,grid,grid_electricity_NG,kWh,0.508,2380.488
B0020,Supermarket,2024-11,1516,generator,diesel_generator,kWh,0.75,1137.0
B0020,Supermarket,2024-12,6517,grid,grid_electricity_NG,kWh,0.508,3310.636
B0020,Supermarket,2024-12,656,generator,diesel_generator,kWh,0.75,492.0
B0021,SmallShop,2024-01,1087,grid,grid_electricity_NG,kWh,0.508,552.196
B0021,SmallShop,2024-01,144,generator,diesel_generator,kWh,0.75,108.0
B0021,SmallShop,2024-02,1143,grid,grid_electricity_NG,kWh,0.508,580.644
B0021,SmallShop,2024-02,397,generator,diesel_generator,kWh,0.75,297.75
B0021,SmallShop,2024-03,1118,grid,grid_electricity_NG,kWh,0.508,567.944
B0021,SmallShop,2024-03,173,generator,diesel_generator,kWh,0.75,129.75
B0021,SmallShop,2024-04,887,grid,grid_electricity_NG,kWh,0.508,450.596
B0021,SmallShop,2024-04,326,generator,diesel_generator,kWh,0.75,244.5
B0021,SmallShop,2024-05,973,grid,grid_electricity_NG,kWh,0.508,494.284
B0021,SmallShop,2024-05,230,generator,diesel_generator,kWh,0.75,172.5
B0021,SmallShop,2024-06,515,grid,grid_electricity_NG,kWh,0.508,261.62
B0021,SmallShop,2024-06,188,generator,diesel_generator,kWh,0.75,141.0
B0021,SmallShop,2024-07,882,grid,grid_electricity_NG,kWh,0.508,448.056
B0021,SmallShop,2024-07,209,generator,diesel_generator,kWh,0.75,156.75
B0021,SmallShop,2024-08,1125,grid,grid_electricity_NG,kWh,0.508,571.5
B0021,SmallShop,2024-08,243,generator,diesel_generator,kWh,0.75,182.25
B0021,SmallShop,2024-09,1091,grid,grid_electricity_NG,kWh,0.508,554.228
B0021,SmallShop,2024-09,372,generator,diesel_generator,kWh,0.75,279.0
B0021,SmallShop,2024-10,707,grid,grid_electricity_NG,kWh,0.508,359.156
B0021,SmallShop,2024-10,235,generator,diesel_generator,kWh,0.75,176.25
B0021,SmallShop,2024-11,885,grid,grid_electricity_NG,kWh,0.508,449.58
B0021,SmallShop,2024-11,329,generator,diesel_generator,kWh,0.75,246.75
B0021,SmallShop,2024-12,1120,grid,grid_electricity_NG,kWh,0.508,568.96
B0021,SmallShop,2024-12,252,generator,diesel_generator,kWh,0.75,189.0
B0022,SmallShop,2024-01,1160,grid,grid_electricity_NG,kWh,0.508,589.28
B0022,SmallShop,2024-01,400,generator,diesel_generator,kWh,0.75,300.0
B0022,SmallShop,2024-02,645,grid,grid_electricity_NG,kWh,0.508,327.66
B0022,SmallShop,2024-02,73,generator,diesel_generator,kWh,0.75,54.75
B0022,SmallShop,2024-03,883,grid,grid_electricity_NG,kWh,0.508,448.564
B0022,SmallShop,2024-03,151,generator,diesel_generator,kWh,0.75,113.25
B0022,SmallShop,2024-04,893,grid,grid_electricity_NG,kWh,0.508,453.644
B0022,SmallShop,2024-04,127,generator,diesel_generator,kWh,0.75,95.25
B0022,SmallShop,2024-05,983,grid,grid_electricity_NG,kWh,0.508,499.36400000000003
B0022,SmallShop,2024-05,357,generator,diesel_generator,kWh,0.75,267.75
B0022,SmallShop,2024-06,770,grid,grid_electricity_NG,kWh,0.508,391.16
B0022,SmallShop,2024-06,139,generator,diesel_generator,kWh,0.75,104.25
B0022,SmallShop,2024-07,634,grid,grid_electricity_NG,kWh,0.508,322.072
B0022,SmallShop,2024-07,151,generator,diesel_generator,kWh,0.75,113.25
B0022,SmallShop,2024-08,572,grid,grid_electricity_NG,kWh,0.508,290.576
B0022,SmallShop,2024-08,73,generator,diesel_generator,kWh,0.75,54.75
B0022,SmallShop,2024-09,977,grid,grid_electricity_NG,kWh,0.508,496.31600000000003
B0022,SmallShop,2024-09,153,generator,diesel_generator,kWh,0.75,114.75
B0022,SmallShop,2024-10,1010,grid,grid_electricity_NG,kWh,0.508,513.08
B0022,SmallShop,2024-10,133,generator,diesel_generator,kWh,0.75,99.75
B0022,SmallShop,2024-11,1035,grid,grid_electricity_NG,kWh,0.508,525.78
B0022,SmallShop,2024-11,364,generator,diesel_generator,kWh,0.75,273.0
B0022,SmallShop,2024-12,529,grid,grid_electricity_NG,kWh,0.508,268.732
B0022,SmallShop,2024-12,57,generator,diesel_generator,kWh,0.75,42.75
B0023,SmallShop,2024-01,1084,grid,grid_electricity_NG,kWh,0.508,550.672
B0023,SmallShop,2024-01,340,generator,diesel_generator,kWh,0.75,255.0
B0023,SmallShop,2024-02,589,grid,grid_electricity_NG,kWh,0.508,299.212
B0023,SmallShop,2024-02,159,generator,diesel_generator,kWh,0.75,119.25
B0023,SmallShop,2024-03,1046,grid,grid_electricity_NG,kWh,0.508,531.368
B0023,SmallShop,2024-03,122,generator,diesel_generator,kWh,0.75,91.5
B0023,SmallShop,2024-04,828,grid,grid_electricity_NG,kWh,0.508,420.624
B0023,SmallShop,2024-04,262,generator,diesel_generator,kWh,0.75,196.5
B0023,SmallShop,2024-05,525,grid,grid_electricity_NG,kWh,0.508,266.7
B0023,SmallShop,2024-05,72,generator,diesel_generator,kWh,0.75,54.0
B0023,SmallShop,2024-06,590,grid,grid_electricity_NG,kWh,0.508,299.72
B0023,SmallShop,2024-06,101,generator,diesel_generator,kWh,0.75,75.75
B0023,SmallShop,2024-07,1112,grid,grid_electricity_NG,kWh,0.508,564.896
B0023,SmallShop,2024-07,167,generator,diesel_generator,kWh,0.75,125.25
B0023,SmallShop,2024-08,667,grid,grid_electricity_NG,kWh,0.508,338.836
B0023,SmallShop,2024-08,116,generator,diesel_generator,kWh,0.75,87.0
B0023,SmallShop,2024-09,926,grid,grid_electricity_NG,kWh,0.508,470.408
B0023,SmallShop,2024-09,257,generator,diesel_generator,kWh,0.75,192.75
B0023,SmallShop,2024-10,562,grid,grid_electricity_NG,kWh,0.508,285.496
B0023,SmallShop,2024-10,136,generator,diesel_generator,kWh,0.75,102.0
B0023,SmallShop,2024-11,656,grid,grid_electricity_NG,kWh,0.508,333.248
B0023,SmallShop,2024-11,189,generator,diesel_generator,kWh,0.75,141.75
B0023,SmallShop,2024-12,1088,grid,grid_electricity_NG,kWh,0.508,552.704
B0023,SmallShop,2024-12,219,generator,diesel_generator,kWh,0.75,164.25
B0024,SmallShop,2024-01,613,grid,grid_electricity_NG,kWh,0.508,311.404
B0024,SmallShop,2024-01,84,generator,diesel_generator,kWh,0.75,63.0
B0024,SmallShop,2024-02,907,grid,grid_electricity_NG,kWh,0.508,460.75600000000003
B0024,SmallShop,2024-02,104,generator,diesel_generator,kWh,0.75,78.0
B0024,SmallShop,2024-03,503,grid,grid_electricity_NG,kWh,0.508,255.524
B0024,SmallShop,2024-03,70,generator,diesel_generator,kWh,0.75,52.5
B0024,SmallShop,2024-04,1080,grid,grid_electricity_NG,kWh,0.508,548.64
B0024,SmallShop,2024-04,431,generator,diesel_generator,kWh,0.75,323.25
B0024,SmallShop,2024-05,634,grid,grid_electricity_NG,kWh,0.508,322.072
B0024,SmallShop,2024-05,64,generator,diesel_generator,kWh,0.75,48.0
B0024,SmallShop,2024-06,676,grid,grid_electricity_NG,kWh,0.508,343.408
B0024,SmallShop,2024-06,139,generator,diesel_generator,kWh,0.75,104.25
B0024,SmallShop,2024-07,905,grid,grid_electricity_NG,kWh,0.508,459.74
B0024,SmallShop,2024-07,189,generator,diesel_generator,kWh,0.75,141.75
B0024,SmallShop,2024-08,651,grid,grid_electricity_NG,kWh,0.508,330.708
B0024,SmallShop,2024-08,93,generator,diesel_generator,kWh,0.75,69.75
B0024,SmallShop,2024-09,658,grid,grid_electricity_NG,kWh,0.508,334.264
B0024,SmallShop,2024-09,170,generator,diesel_generator,kWh,0.75,127.5
B0024,SmallShop,2024-10,550,grid,grid_electricity_NG,kWh,0.508,279.4
B0024,SmallShop,2024-10,161,generator,diesel_generator,kWh,0.75,120.75
B0024,SmallShop,2024-11,1127,grid,grid_electricity_NG,kWh,0.508,572.516
B0024,SmallShop,2024-11,232,generator,diesel_generator,kWh,0.75,174.0
B0024,SmallShop,2024-12,1037,grid,grid_electricity_NG,kWh,0.508,526.796
B0024,SmallShop,2024-12,171,generator,diesel_generator,kWh,0.75,128.25
B0025,SmallShop,2024-01,525,grid,grid_electricity_NG,kWh,0.508,266.7
B0025,SmallShop,2024-01,66,generator,diesel_generator,kWh,0.75,49.5
B0025,SmallShop,2024-02,900,grid,grid_electricity_NG,kWh,0.508,457.2
B0025,SmallShop,2024-02,260,generator,diesel_generator,kWh,0.75,195.0
B0025,SmallShop,2024-03,939,grid,grid_electricity_NG,kWh,0.508,477.012
B0025,SmallShop,2024-03,365,generator,diesel_generator,kWh,0.75,273.75
B0025,SmallShop,2024-04,643,grid,grid_electricity_NG,kWh,0.508,326.644
B0025,SmallShop,2024-04,225,generator,diesel_generator,kWh,0.75,168.75
B0025,SmallShop,2024-05,786,grid,grid_electricity_NG,kWh,0.508,399.288
B0025,SmallShop,2024-05,115,generator,diesel_generator,kWh,0.75,86.25
B0025,SmallShop,2024-06,681,grid,grid_electricity_NG,kWh,0.508,345.948
B0025,SmallShop,2024-06,258,generator,diesel_generator,kWh,0.75,193.5
B0025,SmallShop,2024-07,729,grid,grid_electricity_NG,kWh,0.508,370.332
B0025,SmallShop,2024-07,193,generator,diesel_generator,kWh,0.75,144.75
B0025,SmallShop,2024-08,647,grid,grid_electricity_NG,kWh,0.508,328.676
B0025,SmallShop,2024-08,159,generator,diesel_generator,kWh,0.75,119.25
B0025,SmallShop,2024-09,1200,grid,grid_electricity_NG,kWh,0.508,609.6
B0025,SmallShop,2024-09,183,generator,diesel_generator,kWh,0.75,137.25
B0025,SmallShop,2024-10,761,grid,grid_electricity_NG,kWh,0.508,386.588
B0025,SmallShop,2024-10,224,generator,diesel_generator,kWh,0.75,168.0
B0025,SmallShop,2024-11,861,grid,grid_electricity_NG,kWh,0.508,437.38800000000003
B0025,SmallShop,2024-11,332,generator,diesel_generator,kWh,0.75,249.0
B0025,SmallShop,2024-12,1120,grid,grid_electricity_NG,kWh,0.508,568.96
B0025,SmallShop,2024-12,348,generator,diesel_generator,kWh,0.75,261.0
B0026,SmallShop,2024-01,581,grid,grid_electricity_NG,kWh,0.508,295.148
B0026,SmallShop,2024-01,225,generator,diesel_generator,kWh,0.75,168.75
B0026,SmallShop,2024-02,942,grid,grid_electricity_NG,kWh,0.508,478.536
B0026,SmallShop,2024-02,169,generator,diesel_generator,kWh,0.75,126.75
B0026,SmallShop,2024-03,1027,grid,grid_electricity_NG,kWh,0.508,521.716
B0026,SmallShop,2024-03,155,generator,diesel_generator,kWh,0.75,116.25
B0026,SmallShop,2024-04,1030,grid,grid_electricity_NG,kWh,0.508,523.24
B0026,SmallShop,2024-04,119,generator,diesel_generator,kWh,0.75,89.25
B0026,SmallShop,2024-05,892,grid,grid_electricity_NG,kWh,0.508,453.136
B0026,SmallShop,2024-05,217,generator,diesel_generator,kWh,0.75,162.75
B0026,SmallShop,2024-06,906,grid,grid_electricity_NG,kWh,0.508,460.248
B0026,SmallShop,2024-06,332,generator,diesel_generator,kWh,0.75,249.0
B0026,SmallShop,2024-07,902,grid,grid_electricity_NG,kWh,0.508,458.216
B0026,SmallShop,2024-07,293,generator,diesel_generator,kWh,0.75,219.75
B0026,SmallShop,2024-08,555,grid,grid_electricity_NG,kWh,0.508,281.94
B0026,SmallShop,2024-08,111,generator,diesel_generator,kWh,0.75,83.25
B0026,SmallShop,2024-09,936,grid,grid_electricity_NG,kWh,0.508,475.488
B0026,SmallShop,2024-09,172,generator,diesel_generator,kWh,0.75,129.0
B0026,SmallShop,2024-10,864,grid,grid_electricity_NG,kWh,0.508,438.91200000000003
B0026,SmallShop,2024-10,174,generator,diesel_generator,kWh,0.75,130.5
B0026,SmallShop,2024-11,758,grid,grid_electricity_NG,kWh,0.508,385.064
B0026,SmallShop,2024-11,165,generator,diesel_generator,kWh,0.75,123.75
B0026,SmallShop,2024-12,629,grid,grid_electricity_NG,kWh,0.508,319.532
B0026,SmallShop,2024-12,214,generator,diesel_generator,kWh,0.75,160.5
B0027,SmallShop,2024-01,1052,grid,grid_electricity_NG,kWh,0.508,534.416
B0027,SmallShop,2024-01,277,generator,diesel_generator,kWh,0.75,207.75
B0027,SmallShop,2024-02,1004,grid,grid_electricity_NG,kWh,0.508,510.032
B0027,SmallShop,2024-02,347,generator,diesel_generator,kWh,0.75,260.25
B0027,SmallShop,2024-03,743,grid,grid_electricity_NG,kWh,0.508,377.444
B0027,SmallShop,2024-03,121,generator,diesel_generator,kWh,0.75,90.75
B0027,SmallShop,2024-04,920,grid,grid_electricity_NG,kWh,0.508,467.36
B0027,SmallShop,2024-04,253,generator,diesel_generator,kWh,0.75,189.75
B0027,SmallShop,2024-05,965,grid,grid_electricity_NG,kWh,0.508,490.22
B0027,SmallShop,2024-05,126,generator,diesel_generator,kWh,0.75,94.5
B0027,SmallShop,2024-06,796,grid,grid_electricity_NG,kWh,0.508,404.368
B0027,SmallShop,2024-06,111,generator,diesel_generator,kWh,0.75,83.25
B0027,SmallShop,2024-07,649,grid,grid_electricity_NG,kWh,0.508,329.692
B0027,SmallShop,2024-07,71,generator,diesel_generator,kWh,0.75,53.25
B0027,SmallShop,2024-08,820,grid,grid_electricity_NG,kWh,0.508,416.56
B0027,SmallShop,2024-08,215,generator,diesel_generator,kWh,0.75,161.25
B0027,SmallShop,2024-09,666,grid,grid_electricity_NG,kWh,0.508,338.32800000000003
B0027,SmallShop,2024-09,189,generator,diesel_generator,kWh,0.75,141.75
B0027,SmallShop,2024-10,994,grid,grid_electricity_NG,kWh,0.508,504.952
B0027,SmallShop,2024-10,261,generator,diesel_generator,kWh,0.75,195.75
B0027,SmallShop,2024-11,537,grid,grid_electricity_NG,kWh,0.508,272.796
B0027,SmallShop,2024-11,179,generator,diesel_generator,kWh,0.75,134.25
B0027,SmallShop,2024-12,896,grid,grid_electricity_NG,kWh,0.508,455.168
B0027,SmallShop,2024-12,101,generator,diesel_generator,kWh,0.75,75.75
B0028,SmallShop,2024-01,818,grid,grid_electricity_NG,kWh,0.508,415.544
B0028,SmallShop,2024-01,280,generator,diesel_generator,kWh,0.75,210.0
B0028,SmallShop,2024-02,673,grid,grid_electricity_NG,kWh,0.508,341.884
B0028,SmallShop,2024-02,255,generator,diesel_generator,kWh,0.75,191.25
B0028,SmallShop,2024-03,766,grid,grid_electricity_NG,kWh,0.508,389.128
B0028,SmallShop,2024-03,107,generator,diesel_generator,kWh,0.75,80.25
B0028,SmallShop,2024-04,897,grid,grid_electricity_NG,kWh,0.508,455.676
B0028,SmallShop,2024-04,117,generator,diesel_generator,kWh,0.75,87.75
B0028,SmallShop,2024-05,648,grid,grid_electricity_NG,kWh,0.508,329.184
B0028,SmallShop,2024-05,189,generator,diesel_generator,kWh,0.75,141.75
B0028,SmallShop,2024-06,958,grid,grid_electricity_NG,kWh,0.508,486.664
B0028,SmallShop,2024-06,167,generator,diesel_generator,kWh,0.75,125.25
B0028,SmallShop,2024-07,982,grid,grid_electricity_NG,kWh,0.508,498.856
B0028,SmallShop,2024-07,369,generator,diesel_generator,kWh,0.75,276.75
B0028,SmallShop,2024-08,1118,grid,grid_electricity_NG,kWh,0.508,567.944
B0028,SmallShop,2024-08,308,generator,diesel_generator,kWh,0.75,231.0
B0028,SmallShop,2024-09,1119,grid,grid_electricity_NG,kWh,0.508,568.452
B0028,SmallShop,2024-09,367,generator,diesel_generator,kWh,0.75,275.25
B0028,SmallShop,2024-10,834,grid,grid_electricity_NG,kWh,0.508,423.672
B0028,SmallShop,2024-10,255,generator,diesel_generator,kWh,0.75,191.25
B0028,SmallShop,2024-11,1001,grid,grid_electricity_NG,kWh,0.508,508.508
B0028,SmallShop,2024-11,320,generator,diesel_generator,kWh,0.75,240.0
B0028,SmallShop,2024-12,933,grid,grid_electricity_NG,kWh,0.508,473.964
B0028,SmallShop,2024-12,363,generator,diesel_generator,kWh,0.75,272.25
B0029,SmallShop,2024-01,506,grid,grid_electricity_NG,kWh,0.508,257.048
B0029,SmallShop,2024-01,91,generator,diesel_generator,kWh,0.75,68.25
B0029,SmallShop,2024-02,973,grid,grid_electricity_NG,kWh,0.508,494.284
B0029,SmallShop,2024-02,157,generator,diesel_generator,kWh,0.75,117.75
B0029,SmallShop,2024-03,1196,grid,grid_electricity_NG,kWh,0.508,607.568
B0029,SmallShop,2024-03,171,generator,diesel_generator,kWh,0.75,128.25
B0029,SmallShop,2024-04,557,grid,grid_electricity_NG,kWh,0.508,282.956
B0029,SmallShop,2024-04,152,generator,diesel_generator,kWh,0.75,114.0
B0029,SmallShop,2024-05,759,grid,grid_electricity_NG,kWh,0.508,385.572
B0029,SmallShop,2024-05,106,generator,diesel_generator,kWh,0.75,79.5
B0029,SmallShop,2024-06,529,grid,grid_electricity_NG,kWh,0.508,268.732
B0029,SmallShop,2024-06,170,generator,diesel_generator,kWh,0.75,127.5
B0029,SmallShop,2024-07,571,grid,grid_electricity_NG,kWh,0.508,290.068
B0029,SmallShop,2024-07,167,generator,diesel_generator,kWh,0.75,125.25
B0029,SmallShop,2024-08,1167,grid,grid_electricity_NG,kWh,0.508,592.836
B0029,SmallShop,2024-08,164,generator,diesel_generator,kWh,0.75,123.0
B0029,SmallShop,2024-09,537,grid,grid_electricity_NG,kWh,0.508,272.796
B0029,SmallShop,2024-09,137,generator,diesel_generator,kWh,0.75,102.75
B0029,SmallShop,2024-10,894,grid,grid_electricity_NG,kWh,0.508,454.152
B0029,SmallShop,2024-10,301,generator,diesel_generator,kWh,0.75,225.75
B0029,SmallShop,2024-11,1019,grid,grid_electricity_NG,kWh,0.508,517.652
B0029,SmallShop,2024-11,145,generator,diesel_generator,kWh,0.75,108.75
B0029,SmallShop,2024-12,1087,grid,grid_electricity_NG,kWh,0.508,552.196
B0029,SmallShop,2024-12,421,generator,diesel_generator,kWh,0.75,315.75
B0030,SmallShop,2024-01,900,grid,grid_electricity_NG,kWh,0.508,457.2
B0030,SmallShop,2024-01,112,generator,diesel_generator,kWh,0.75,84.0
B0030,SmallShop,2024-02,528,grid,grid_electricity_NG,kWh,0.508,268.224
B0030,SmallShop,2024-02,58,generator,diesel_generator,kWh,0.75,43.5
B0030,SmallShop,2024-03,1199,grid,grid_electricity_NG,kWh,0.508,609.092
B0030,SmallShop,2024-03,348,generator,diesel_generator,kWh,0.75,261.0
B0030,SmallShop,2024-04,628,grid,grid_electricity_NG,kWh,0.508,319.024
B0030,SmallShop,2024-04,125,generator,diesel_generator,kWh,0.75,93.75
B0030,SmallShop,2024-05,570,grid,grid_electricity_NG,kWh,0.508,289.56
B0030,SmallShop,2024-05,117,generator,diesel_generator,kWh,0.75,87.75
B0030,SmallShop,2024-06,791,grid,grid_electricity_NG,kWh,0.508,401.82800000000003
B0030,SmallShop,2024-06,115,generator,diesel_generator,kWh,0.75,86.25
B0030,SmallShop,2024-07,747,grid,grid_electricity_NG,kWh,0.508,379.476
B0030,SmallShop,2024-07,189,generator,diesel_generator,kWh,0.75,141.75
B0030,SmallShop,2024-08,567,grid,grid_electricity_NG,kWh,0.508,288.036
B0030,SmallShop,2024-08,203,generator,diesel_generator,kWh,0.75,152.25
B0030,SmallShop,2024-09,619,grid,grid_electricity_NG,kWh,0.508,314.452
B0030,SmallShop,2024-09,226,generator,diesel_generator,kWh,0.75,169.5
B0030,SmallShop,2024-10,779,grid,grid_electricity_NG,kWh,0.508,395.732
B0030,SmallShop,2024-10,291,generator,diesel_generator,kWh,0.75,218.25
B0030,SmallShop,2024-11,521,grid,grid_electricity_NG,kWh,0.508,264.668
B0030,SmallShop,2024-11,152,generator,diesel_generator,kWh,0.75,114.0
B0030,SmallShop,2024-12,646,grid,grid_electricity_NG,kWh,0.508,328.168
B0030,SmallShop,2024-12,78,generator,diesel_generator,kWh,0.75,58.5
B0031,Restaurant,2024-01,3248,grid,grid_electricity_NG,kWh,0.508,1649.984
B0031,Restaurant,2024-01,1228,generator,diesel_generator,kWh,0.75,921.0
B0031,Restaurant,2024-02,1695,grid,grid_electricity_NG,kWh,0.508,861.0600000000001
B0031,Restaurant,2024-02,411,generator,diesel_generator,kWh,0.75,308.25
B0031,Restaurant,2024-03,3443,grid,grid_electricity_NG,kWh,0.508,1749.044
B0031,Restaurant,2024-03,383,generator,diesel_generator,kWh,0.75,287.25
B0031,Restaurant,2024-04,2677,grid,grid_electricity_NG,kWh,0.508,1359.916
B0031,Restaurant,2024-04,773,generator,diesel_generator,kWh,0.75,579.75
B0031,Restaurant,2024-05,3914,grid,grid_electricity_NG,kWh,0.508,1988.3120000000001
B0031,Restaurant,2024-05,670,generator,diesel_generator,kWh,0.75,502.5
B0031,Restaurant,2024-06,2777,grid,grid_electricity_NG,kWh,0.508,1410.7160000000001
B0031,Restaurant,2024-06,851,generator,diesel_generator,kWh,0.75,638.25
B0031,Restaurant,2024-07,2107,grid,grid_electricity_NG,kWh,0.508,1070.356
B0031,Restaurant,2024-07,798,generator,diesel_generator,kWh,0.75,598.5
B0031,Restaurant,2024-08,2471,grid,grid_electricity_NG,kWh,0.508,1255.268
B0031,Restaurant,2024-08,923,generator,diesel_generator,kWh,0.75,692.25
B0031,Restaurant,2024-09,3388,grid,grid_electricity_NG,kWh,0.508,1721.104
B0031,Restaurant,2024-09,717,generator,diesel_generator,kWh,0.75,537.75
B0031,Restaurant,2024-10,3133,grid,grid_electricity_NG,kWh,0.508,1591.564
B0031,Restaurant,2024-10,655,generator,diesel_generator,kWh,0.75,491.25
B0031,Restaurant,2024-11,3795,grid,grid_electricity_NG,kWh,0.508,1927.8600000000001
B0031,Restaurant,2024-11,1277,generator,diesel_generator,kWh,0.75,957.75
B0031,Restaurant,2024-12,3968,grid,grid_electricity_NG,kWh,0.508,2015.7440000000001
B0031,Restaurant,2024-12,1417,generator,diesel_generator,kWh,0.75,1062.75
B0032,Restaurant,2024-01,2001,grid,grid_electricity_NG,kWh,0.508,1016.508
B0032,Restaurant,2024-01,293,generator,diesel_generator,kWh,0.75,219.75
B0032,Restaurant,2024-02,1657,grid,grid_electricity_NG,kWh,0.508,841.756
B0032,Restaurant,2024-02,225,generator,diesel_generator,kWh,0.75,168.75
B0032,Restaurant,2024-03,3946,grid,grid_electricity_NG,kWh,0.508,2004.568
B0032,Restaurant,2024-03,930,generator,diesel_generator,kWh,0.75,697.5
B0032,Restaurant,2024-04,2387,grid,grid_electricity_NG,kWh,0.508,1212.596
B0032,Restaurant,2024-04,335,generator,diesel_generator,kWh,0.75,251.25
B0032,Restaurant,2024-05,3850,grid,grid_electricity_NG,kWh,0.508,1955.8
B0032,Restaurant,2024-05,1160,generator,diesel_generator,kWh,0.75,870.0
B0032,Restaurant,2024-06,1696,grid,grid_electricity_NG,kWh,0.508,861.568
B0032,Restaurant,2024-06,475,generator,diesel_generator,kWh,0.75,356.25
B0032,Restaurant,2024-07,3362,grid,grid_electricity_NG,kWh,0.508,1707.896
B0032,Restaurant,2024-07,1014,generator,diesel_generator,kWh,0.75,760.5
B0032,Restaurant,2024-08,3913,grid,grid_electricity_NG,kWh,0.508,1987.804
B0032,Restaurant,2024-08,615,generator,diesel_generator,kWh,0.75,461.25
B0032,Restaurant,2024-09,2597,grid,grid_electricity_NG,kWh,0.508,1319.276
B0032,Restaurant,2024-09,872,generator,diesel_generator,kWh,0.75,654.0
B0032,Restaurant,2024-10,3456,grid,grid_electricity_NG,kWh,0.508,1755.6480000000001
B0032,Restaurant,2024-10,1254,generator,diesel_generator,kWh,0.75,940.5
B0032,Restaurant,2024-11,3431,grid,grid_electricity_NG,kWh,0.508,1742.948
B0032,Restaurant,2024-11,767,generator,diesel_generator,kWh,0.75,575.25
B0032,Restaurant,2024-12,3561,grid,grid_electricity_NG,kWh,0.508,1808.988
B0032,Restaurant,2024-12,901,generator,diesel_generator,kWh,0.75,675.75
B0033,Restaurant,2024-01,3526,grid,grid_electricity_NG,kWh,0.508,1791.208
B0033,Restaurant,2024-01,357,generator,diesel_generator,kWh,0.75,267.75
B0033,Restaurant,2024-02,2310,grid,grid_electricity_NG,kWh,0.508,1173.48
B0033,Restaurant,2024-02,658,generator,diesel_generator,kWh,0.75,493.5
B0033,Restaurant,2024-03,3032,grid,grid_electricity_NG,kWh,0.508,1540.256
B0033,Restaurant,2024-03,570,generator,diesel_generator,kWh,0.75,427.5
B0033,Restaurant,2024-04,2103,grid,grid_electricity_NG,kWh,0.508,1068.324
B0033,Restaurant,2024-04,717,generator,diesel_generator,kWh,0.75,537.75
B0033,Restaurant,2024-05,2529,grid,grid_electricity_NG,kWh,0.508,1284.732
B0033,Restaurant,2024-05,329,generator,diesel_generator,kWh,0.75,246.75
B0033,Restaurant,2024-06,3781,grid,grid_electricity_NG,kWh,0.508,1920.748
B0033,Restaurant,2024-06,1187,generator,diesel_generator,kWh,0.75,890.25
B0033,Restaurant,2024-07,2597,grid,grid_electricity_NG,kWh,0.508,1319.276
B0033,Restaurant,2024-07,940,generator,diesel_generator,kWh,0.75,705.0
B0033,Restaurant,2024-08,3598,grid,grid_electricity_NG,kWh,0.508,1827.784
B0033,Restaurant,2024-08,602,generator,diesel_generator,kWh,0.75,451.5
B0033,Restaurant,2024-09,3960,grid,grid_electricity_NG,kWh,0.508,2011.68
B0033,Restaurant,2024-09,1349,generator,diesel_generator,kWh,0.75,1011.75
B0033,Restaurant,2024-10,2860,grid,grid_electricity_NG,kWh,0.508,1452.88
B0033,Restaurant,2024-10,899,generator,diesel_generator,kWh,0.75,674.25
B0033,Restaurant,2024-11,3011,grid,grid_electricity_NG,kWh,0.508,1529.588
B0033,Restaurant,2024-11,339,generator,diesel_generator,kWh,0.75,254.25
B0033,Restaurant,2024-12,1897,grid,grid_electricity_NG,kWh,0.508,963.676
B0033,Restaurant,2024-12,465,generator,diesel_generator,kWh,0.75,348.75
B0034,Restaurant,2024-01,3097,grid,grid_electricity_NG,kWh,0.508,1573.276
B0034,Restaurant,2024-01,603,generator,diesel_generator,kWh,0.75,452.25
B0034,Restaurant,2024-02,3223,grid,grid_electricity_NG,kWh,0.508,1637.284
B0034,Restaurant,2024-02,1112,generator,diesel_generator,kWh,0.75,834.0
B0034,Restaurant,2024-03,3667,grid,grid_electricity_NG,kWh,0.508,1862.836
B0034,Restaurant,2024-03,671,generator,diesel_generator,kWh,0.75,503.25
B0034,Restaurant,2024-04,2359,grid,grid_electricity_NG,kWh,0.508,1198.372
B0034,Restaurant,2024-04,522,generator,diesel_generator,kWh,0.75,391.5
B0034,Restaurant,2024-05,2747,grid,grid_electricity_NG,kWh,0.508,1395.476
B0034,Restaurant,2024-05,431,generator,diesel_generator,kWh,0.75,323.25
B0034,Restaurant,2024-06,3004,grid,grid_electricity_NG,kWh,0.508,1526.032
B0034,Restaurant,2024-06,723,generator,diesel_generator,kWh,0.75,542.25
B0034,Restaurant,2024-07,2883,grid,grid_electricity_NG,kWh,0.508,1464.564
B0034,Restaurant,2024-07,1106,generator,diesel_generator,kWh,0.75,829.5
B0034,Restaurant,2024-08,1542,grid,grid_electricity_NG,kWh,0.508,783.336
B0034,Restaurant,2024-08,375,generator,diesel_generator,kWh,0.75,281.25
B0034,Restaurant,2024-09,1778,grid,grid_electricity_NG,kWh,0.508,903.224
B0034,Restaurant,2024-09,362,generator,diesel_generator,kWh,0.75,271.5
B0034,Restaurant,2024-10,1940,grid,grid_electricity_NG,kWh,0.508,985.52
B0034,Restaurant,2024-10,409,generator,diesel_generator,kWh,0.75,306.75
B0034,Restaurant,2024-11,1861,grid,grid_electricity_NG,kWh,0.508,945.388
B0034,Restaurant,2024-11,204,generator,diesel_generator,kWh,0.75,153.0
B0034,Restaurant,2024-12,2118,grid,grid_electricity_NG,kWh,0.508,1075.944
B0034,Restaurant,2024-12,720,generator,diesel_generator,kWh,0.75,540.0
B0035,Restaurant,2024-01,3111,grid,grid_electricity_NG,kWh,0.508,1580.388
B0035,Restaurant,2024-01,747,generator,diesel_generator,kWh,0.75,560.25
B0035,Restaurant,2024-02,1581,grid,grid_electricity_NG,kWh,0.508,803.148
B0035,Restaurant,2024-02,205,generator,diesel_generator,kWh,0.75,153.75
B0035,Restaurant,2024-03,1642,grid,grid_electricity_NG,kWh,0.508,834.136
B0035,Restaurant,2024-03,531,generator,diesel_generator,kWh,0.75,398.25
B0035,Restaurant,2024-04,3734,grid,grid_electricity_NG,kWh,0.508,1896.872
B0035,Restaurant,2024-04,1376,generator,diesel_generator,kWh,0.75,1032.0
B0035,Restaurant,2024-05,3110,grid,grid_electricity_NG,kWh,0.508,1579.88
B0035,Restaurant,2024-05,650,generator,diesel_generator,kWh,0.75,487.5
B0035,Restaurant,2024-06,1683,grid,grid_electricity_NG,kWh,0.508,854.964
B0035,Restaurant,2024-06,414,generator,diesel_generator,kWh,0.75,310.5
B0035,Restaurant,2024-07,1977,grid,grid_electricity_NG,kWh,0.508,1004.316
B0035,Restaurant,2024-07,342,generator,diesel_generator,kWh,0.75,256.5
B0035,Restaurant,2024-08,3101,grid,grid_electricity_NG,kWh,0.508,1575.308
B0035,Restaurant,2024-08,495,generator,diesel_generator,kWh,0.75,371.25
B0035,Restaurant,2024-09,2244,grid,grid_electricity_NG,kWh,0.508,1139.952
B0035,Restaurant,2024-09,696,generator,diesel_generator,kWh,0.75,522.0
B0035,Restaurant,2024-10,1554,grid,grid_electricity_NG,kWh,0.508,789.432
B0035,Restaurant,2024-10,603,generator,diesel_generator,kWh,0.75,452.25
B0035,Restaurant,2024-11,2963,grid,grid_electricity_NG,kWh,0.508,1505.204
B0035,Restaurant,2024-11,1045,generator,diesel_generator,kWh,0.75,783.75
B0035,Restaurant,2024-12,2395,grid,grid_electricity_NG,kWh,0.508,1216.66
B0035,Restaurant,2024-12,683,generator,diesel_generator,kWh,0.75,512.25
B0036,Restaurant,2024-01,3837,grid,grid_electricity_NG,kWh,0.508,1949.1960000000001
B0036,Restaurant,2024-01,941,generator,diesel_generator,kWh,0.75,705.75
B0036,Restaurant,2024-02,2025,grid,grid_electricity_NG,kWh,0.508,1028.7
B0036,Restaurant,2024-02,236,generator,diesel_generator,kWh,0.75,177.0
B0036,Restaurant,2024-03,2118,grid,grid_electricity_NG,kWh,0.508,1075.944
B0036,Restaurant,2024-03,369,generator,diesel_generator,kWh,0.75,276.75
B0036,Restaurant,2024-04,2386,grid,grid_electricity_NG,kWh,0.508,1212.088
B0036,Restaurant,2024-04,269,generator,diesel_generator,kWh,0.75,201.75
B0036,Restaurant,2024-05,1904,grid,grid_electricity_NG,kWh,0.508,967.232
B0036,Restaurant,2024-05,526,generator,diesel_generator,kWh,0.75,394.5
B0036,Restaurant,2024-06,1639,grid,grid_electricity_NG,kWh,0.508,832.612
B0036,Restaurant,2024-06,549,generator,diesel_generator,kWh,0.75,411.75
B0036,Restaurant,2024-07,2267,grid,grid_electricity_NG,kWh,0.508,1151.636
B0036,Restaurant,2024-07,815,generator,diesel_generator,kWh,0.75,611.25
B0036,Restaurant,2024-08,3660,grid,grid_electricity_NG,kWh,0.508,1859.28
B0036,Restaurant,2024-08,514,generator,diesel_generator,kWh,0.75,385.5
B0036,Restaurant,2024-09,2081,grid,grid_electricity_NG,kWh,0.508,1057.148
B0036,Restaurant,2024-09,817,generator,diesel_generator,kWh,0.75,612.75
B0036,Restaurant,2024-10,3137,grid,grid_electricity_NG,kWh,0.508,1593.596
B0036,Restaurant,2024-10,718,generator,diesel_generator,kWh,0.75,538.5
B0036,Restaurant,2024-11,3254,grid,grid_electricity_NG,kWh,0.508,1653.032
B0036,Restaurant,2024-11,613,generator,diesel_generator,kWh,0.75,459.75
B0036,Restaurant,2024-12,2887,grid,grid_electricity_NG,kWh,0.508,1466.596
B0036,Restaurant,2024-12,1151,generator,diesel_generator,kWh,0.75,863.25
B0037,Restaurant,2024-01,2550,grid,grid_electricity_NG,kWh,0.508,1295.4
B0037,Restaurant,2024-01,791,generator,diesel_generator,kWh,0.75,593.25
B0037,Restaurant,2024-02,2168,grid,grid_electricity_NG,kWh,0.508,1101.344
B0037,Restaurant,2024-02,631,generator,diesel_generator,kWh,0.75,473.25
B0037,Restaurant,2024-03,2072,grid,grid_electricity_NG,kWh,0.508,1052.576
B0037,Restaurant,2024-03,467,generator,diesel_generator,kWh,0.75,350.25
B0037,Restaurant,2024-04,3748,grid,grid_electricity_NG,kWh,0.508,1903.984
B0037,Restaurant,2024-04,579,generator,diesel_generator,kWh,0.75,434.25
B0037,Restaurant,2024-05,1636,grid,grid_electricity_NG,kWh,0.508,831.088
B0037,Restaurant,2024-05,442,generator,diesel_generator,kWh,0.75,331.5
B0037,Restaurant,2024-06,2961,grid,grid_electricity_NG,kWh,0.508,1504.188
B0037,Restaurant,2024-06,614,generator,diesel_generator,kWh,0.75,460.5
B0037,Restaurant,2024-07,2220,grid,grid_electricity_NG,kWh,0.508,1127.76
B0037,Restaurant,2024-07,327,generator,diesel_generator,kWh,0.75,245.25
B0037,Restaurant,2024-08,1542,grid,grid_electricity_NG,kWh,0.508,783.336
B0037,Restaurant,2024-08,323,generator,diesel_generator,kWh,0.75,242.25
B0037,Restaurant,2024-09,3122,grid,grid_electricity_NG,kWh,0.508,1585.976
B0037,Restaurant,2024-09,709,generator,diesel_generator,kWh,0.75,531.75
B0037,Restaurant,2024-10,3697,grid,grid_electricity_NG,kWh,0.508,1878.076
B0037,Restaurant,2024-10,1296,generator,diesel_generator,kWh,0.75,972.0
B0037,Restaurant,2024-11,2249,grid,grid_electricity_NG,kWh,0.508,1142.492
B0037,Restaurant,2024-11,574,generator,diesel_generator,kWh,0.75,430.5
B0037,Restaurant,2024-12,3133,grid,grid_electricity_NG,kWh,0.508,1591.564
B0037,Restaurant,2024-12,1020,generator,diesel_generator,kWh,0.75,765.0
B0038,Restaurant,2024-01,1901,grid,grid_electricity_NG,kWh,0.508,965.708
B0038,Restaurant,2024-01,577,generator,diesel_generator,kWh,0.75,432.75
B0038,Restaurant,2024-02,3475,grid,grid_electricity_NG,kWh,0.508,1765.3
B0038,Restaurant,2024-02,1213,generator,diesel_generator,kWh,0.75,909.75
B0038,Restaurant,2024-03,3928,grid,grid_electricity_NG,kWh,0.508,1995.424
B0038,Restaurant,2024-03,946,generator,diesel_generator,kWh,0.75,709.5
B0038,Restaurant,2024-04,3791,grid,grid_electricity_NG,kWh,0.508,1925.828
B0038,Restaurant,2024-04,606,generator,diesel_generator,kWh,0.75,454.5
B0038,Restaurant,2024-05,3207,grid,grid_electricity_NG,kWh,0.508,1629.156
B0038,Restaurant,2024-05,805,generator,diesel_generator,kWh,0.75,603.75
B0038,Restaurant,2024-06,2626,grid,grid_electricity_NG,kWh,0.508,1334.008
B0038,Restaurant,2024-06,813,generator,diesel_generator,kWh,0.75,609.75
B0038,Restaurant,2024-07,1505,grid,grid_electricity_NG,kWh,0.508,764.54
B0038,Restaurant,2024-07,582,generator,diesel_generator,kWh,0.75,436.5
B0038,Restaurant,2024-08,2793,grid,grid_electricity_NG,kWh,0.508,1418.844
B0038,Restaurant,2024-08,874,generator,diesel_generator,kWh,0.75,655.5
B0038,Restaurant,2024-09,3788,grid,grid_electricity_NG,kWh,0.508,1924.304
B0038,Restaurant,2024-09,1480,generator,diesel_generator,kWh,0.75,1110.0
B0038,Restaurant,2024-10,2816,grid,grid_electricity_NG,kWh,0.508,1430.528
B0038,Restaurant,2024-10,1125,generator,diesel_generator,kWh,0.75,843.75
B0038,Restaurant,2024-11,3276,grid,grid_electricity_NG,kWh,0.508,1664.208
B0038,Restaurant,2024-11,767,generator,diesel_generator,kWh,0.75,575.25
B0038,Restaurant,2024-12,2612,grid,grid_electricity_NG,kWh,0.508,1326.896
B0038,Restaurant,2024-12,468,generator,diesel_generator,kWh,0.75,351.0
B0039,Restaurant,2024-01,3963,grid,grid_electricity_NG,kWh,0.508,2013.204
B0039,Restaurant,2024-01,432,generator,diesel_generator,kWh,0.75,324.0
B0039,Restaurant,2024-02,2097,grid,grid_electricity_NG,kWh,0.508,1065.276
B0039,Restaurant,2024-02,820,generator,diesel_generator,kWh,0.75,615.0
B0039,Restaurant,2024-03,3778,grid,grid_electricity_NG,kWh,0.508,1919.224
B0039,Restaurant,2024-03,582,generator,diesel_generator,kWh,0.75,436.5
B0039,Restaurant,2024-04,3148,grid,grid_electricity_NG,kWh,0.508,1599.184
B0039,Restaurant,2024-04,505,generator,diesel_generator,kWh,0.75,378.75
B0039,Restaurant,2024-05,3751,grid,grid_electricity_NG,kWh,0.508,1905.508
B0039,Restaurant,2024-05,663,generator,diesel_generator,kWh,0.75,497.25
B0039,Restaurant,2024-06,3628,grid,grid_electricity_NG,kWh,0.508,1843.0240000000001
B0039,Restaurant,2024-06,906,generator,diesel_generator,kWh,0.75,679.5
B0039,Restaurant,2024-07,2720,grid,grid_electricity_NG,kWh,0.508,1381.76
B0039,Restaurant,2024-07,313,generator,diesel_generator,kWh,0.75,234.75
B0039,Restaurant,2024-08,2476,grid,grid_electricity_NG,kWh,0.508,1257.808
B0039,Restaurant,2024-08,691,generator,diesel_generator,kWh,0.75,518.25
B0039,Restaurant,2024-09,3932,grid,grid_electricity_NG,kWh,0.508,1997.4560000000001
B0039,Restaurant,2024-09,407,generator,diesel_generator,kWh,0.75,305.25
B0039,Restaurant,2024-10,3090,grid,grid_electricity_NG,kWh,0.508,1569.72
B0039,Restaurant,2024-10,378,generator,diesel_generator,kWh,0.75,283.5
B0039,Restaurant,2024-11,2017,grid,grid_electricity_NG,kWh,0.508,1024.636
B0039,Restaurant,2024-11,771,generator,diesel_generator,kWh,0.75,578.25
B0039,Restaurant,2024-12,3223,grid,grid_electricity_NG,kWh,0.508,1637.284
B0039,Restaurant,2024-12,1146,generator,diesel_generator,kWh,0.75,859.5
B0040,Restaurant,2024-01,2571,grid,grid_electricity_NG,kWh,0.508,1306.068
B0040,Restaurant,2024-01,319,generator,diesel_generator,kWh,0.75,239.25
B0040,Restaurant,2024-02,1848,grid,grid_electricity_NG,kWh,0.508,938.784
B0040,Restaurant,2024-02,512,generator,diesel_generator,kWh,0.75,384.0
B0040,Restaurant,2024-03,3616,grid,grid_electricity_NG,kWh,0.508,1836.928
B0040,Restaurant,2024-03,1380,generator,diesel_generator,kWh,0.75,1035.0
B0040,Restaurant,2024-04,2834,grid,grid_electricity_NG,kWh,0.508,1439.672
B0040,Restaurant,2024-04,414,generator,diesel_generator,kWh,0.75,310.5
B0040,Restaurant,2024-05,3547,grid,grid_electricity_NG,kWh,0.508,1801.876
B0040,Restaurant,2024-05,812,generator,diesel_generator,kWh,0.75,609.0
B0040,Restaurant,2024-06,2514,grid,grid_electricity_NG,kWh,0.508,1277.112
B0040,Restaurant,2024-06,406,generator,diesel_generator,kWh,0.75,304.5
B0040,Restaurant,2024-07,1919,grid,grid_electricity_NG,kWh,0.508,974.852
B0040,Restaurant,2024-07,603,generator,diesel_generator,kWh,0.75,452.25
B0040,Restaurant,2024-08,2814,grid,grid_electricity_NG,kWh,0.508,1429.512
B0040,Restaurant,2024-08,687,generator,diesel_generator,kWh,0.75,515.25
B0040,Restaurant,2024-09,2608,grid,grid_electricity_NG,kWh,0.508,1324.864
B0040,Restaurant,2024-09,571,generator,diesel_generator,kWh,0.75,428.25
B0040,Restaurant,2024-10,1562,grid,grid_electricity_NG,kWh,0.508,793.496
B0040,Restaurant,2024-10,565,generator,diesel_generator,kWh,0.75,423.75
B0040,Restaurant,2024-11,2531,grid,grid_electricity_NG,kWh,0.508,1285.748
B0040,Restaurant,2024-11,767,generator,diesel_generator,kWh,0.75,575.25
B0040,Restaurant,2024-12,2213,grid,grid_electricity_NG,kWh,0.508,1124.204
B0040,Restaurant,2024-12,819,generator,diesel_generator,kWh,0.75,614.25
B0041,Pharmacy,2024-01,816,grid,grid_electricity_NG,kWh,0.508,414.528
B0041,Pharmacy,2024-01,179,generator,diesel_generator,kWh,0.75,134.25
B0041,Pharmacy,2024-02,1585,grid,grid_electricity_NG,kWh,0.508,805.1800000000001
B0041,Pharmacy,2024-02,405,generator,diesel_generator,kWh,0.75,303.75
B0041,Pharmacy,2024-03,1020,grid,grid_electricity_NG,kWh,0.508,518.16
B0041,Pharmacy,2024-03,314,generator,diesel_generator,kWh,0.75,235.5
B0041,Pharmacy,2024-04,1137,grid,grid_electricity_NG,kWh,0.508,577.596
B0041,Pharmacy,2024-04,371,generator,diesel_generator,kWh,0.75,278.25
B0041,Pharmacy,2024-05,1913,grid,grid_electricity_NG,kWh,0.508,971.804
B0041,Pharmacy,2024-05,273,generator,diesel_generator,kWh,0.75,204.75
B0041,Pharmacy,2024-06,838,grid,grid_electricity_NG,kWh,0.508,425.704
B0041,Pharmacy,2024-06,211,generator,diesel_generator,kWh,0.75,158.25
B0041,Pharmacy,2024-07,2000,grid,grid_electricity_NG,kWh,0.508,1016.0
B0041,Pharmacy,2024-07,727,generator,diesel_generator,kWh,0.75,545.25
B0041,Pharmacy,2024-08,1882,grid,grid_electricity_NG,kWh,0.508,956.056
B0041,Pharmacy,2024-08,203,generator,diesel_generator,kWh,0.75,152.25
B0041,Pharmacy,2024-09,1408,grid,grid_electricity_NG,kWh,0.508,715.264
B0041,Pharmacy,2024-09,557,generator,diesel_generator,kWh,0.75,417.75
B0041,Pharmacy,2024-10,1279,grid,grid_electricity_NG,kWh,0.508,649.732
B0041,Pharmacy,2024-10,219,generator,diesel_generator,kWh,0.75,164.25
B0041,Pharmacy,2024-11,1033,grid,grid_electricity_NG,kWh,0.508,524.764
B0041,Pharmacy,2024-11,143,generator,diesel_generator,kWh,0.75,107.25
B0041,Pharmacy,2024-12,1536,grid,grid_electricity_NG,kWh,0.508,780.288
B0041,Pharmacy,2024-12,584,generator,diesel_generator,kWh,0.75,438.0
B0042,Pharmacy,2024-01,1765,grid,grid_electricity_NG,kWh,0.508,896.62
B0042,Pharmacy,2024-01,483,generator,diesel_generator,kWh,0.75,362.25
B0042,Pharmacy,2024-02,877,grid,grid_electricity_NG,kWh,0.508,445.516
B0042,Pharmacy,2024-02,202,generator,diesel_generator,kWh,0.75,151.5
B0042,Pharmacy,2024-03,1600,grid,grid_electricity_NG,kWh,0.508,812.8
B0042,Pharmacy,2024-03,591,generator,diesel_generator,kWh,0.75,443.25
B0042,Pharmacy,2024-04,1807,grid,grid_electricity_NG,kWh,0.508,917.956
B0042,Pharmacy,2024-04,658,generator,diesel_generator,kWh,0.75,493.5
B0042,Pharmacy,2024-05,1279,grid,grid_electricity_NG,kWh,0.508,649.732
B0042,Pharmacy,2024-05,427,generator,diesel_generator,kWh,0.75,320.25
B0042,Pharmacy,2024-06,998,grid,grid_electricity_NG,kWh,0.508,506.984
B0042,Pharmacy,2024-06,155,generator,diesel_generator,kWh,0.75,116.25
B0042,Pharmacy,2024-07,926,grid,grid_electricity_NG,kWh,0.508,470.408
B0042,Pharmacy,2024-07,103,generator,diesel_generator,kWh,0.75,77.25
B0042,Pharmacy,2024-08,1990,grid,grid_electricity_NG,kWh,0.508,1010.92
B0042,Pharmacy,2024-08,601,generator,diesel_generator,kWh,0.75,450.75
B0042,Pharmacy,2024-09,1066,grid,grid_electricity_NG,kWh,0.508,541.528
B0042,Pharmacy,2024-09,239,generator,diesel_generator,kWh,0.75,179.25
B0042,Pharmacy,2024-10,1014,grid,grid_electricity_NG,kWh,0.508,515.112
B0042,Pharmacy,2024-10,314,generator,diesel_generator,kWh,0.75,235.5
B0042,Pharmacy,2024-11,1830,grid,grid_electricity_NG,kWh,0.508,929.64
B0042,Pharmacy,2024-11,307,generator,diesel_generator,kWh,0.75,230.25
B0042,Pharmacy,2024-12,996,grid,grid_electricity_NG,kWh,0.508,505.968
B0042,Pharmacy,2024-12,291,generator,diesel_generator,kWh,0.75,218.25
B0043,Pharmacy,2024-01,1957,grid,grid_electricity_NG,kWh,0.508,994.1560000000001
B0043,Pharmacy,2024-01,764,generator,diesel_generator,kWh,0.75,573.0
B0043,Pharmacy,2024-02,1586,grid,grid_electricity_NG,kWh,0.508,805.688
B0043,Pharmacy,2024-02,557,generator,diesel_generator,kWh,0.75,417.75
B0043,Pharmacy,2024-03,1216,grid,grid_electricity_NG,kWh,0.508,617.7280000000001
B0043,Pharmacy,2024-03,146,generator,diesel_generator,kWh,0.75,109.5
B0043,Pharmacy,2024-04,1780,grid,grid_electricity_NG,kWh,0.508,904.24
B0043,Pharmacy,2024-04,232,generator,diesel_generator,kWh,0.75,174.0
B0043,Pharmacy,2024-05,1856,grid,grid_electricity_NG,kWh,0.508,942.848
B0043,Pharmacy,2024-05,276,generator,diesel_generator,kWh,0.75,207.0
B0043,Pharmacy,2024-06,1015,grid,grid_electricity_NG,kWh,0.508,515.62
B0043,Pharmacy,2024-06,391,generator,diesel_generator,kWh,0.75,293.25
B0043,Pharmacy,2024-07,1298,grid,grid_electricity_NG,kWh,0.508,659.384
B0043,Pharmacy,2024-07,295,generator,diesel_generator,kWh,0.75,221.25
B0043,Pharmacy,2024-08,855,grid,grid_electricity_NG,kWh,0.508,434.34000000000003
B0043,Pharmacy,2024-08,313,generator,diesel_generator,kWh,0.75,234.75
B0043,Pharmacy,2024-09,1823,grid,grid_electricity_NG,kWh,0.508,926.0840000000001
B0043,Pharmacy,2024-09,289,generator,diesel_generator,kWh,0.75,216.75
B0043,Pharmacy,2024-10,1435,grid,grid_electricity_NG,kWh,0.508,728.98
B0043,Pharmacy,2024-10,245,generator,diesel_generator,kWh,0.75,183.75
B0043,Pharmacy,2024-11,1926,grid,grid_electricity_NG,kWh,0.508,978.408
B0043,Pharmacy,2024-11,396,generator,diesel_generator,kWh,0.75,297.0
B0043,Pharmacy,2024-12,1504,grid,grid_electricity_NG,kWh,0.508,764.032
B0043,Pharmacy,2024-12,210,generator,diesel_generator,kWh,0.75,157.5
B0044,Pharmacy,2024-01,1841,grid,grid_electricity_NG,kWh,0.508,935.2280000000001
B0044,Pharmacy,2024-01,413,generator,diesel_generator,kWh,0.75,309.75
B0044,Pharmacy,2024-02,1427,grid,grid_electricity_NG,kWh,0.508,724.916
B0044,Pharmacy,2024-02,298,generator,diesel_generator,kWh,0.75,223.5
B0044,Pharmacy,2024-03,1750,grid,grid_electricity_NG,kWh,0.508,889.0
B0044,Pharmacy,2024-03,471,generator,diesel_generator,kWh,0.75,353.25
B0044,Pharmacy,2024-04,1781,grid,grid_electricity_NG,kWh,0.508,904.748
B0044,Pharmacy,2024-04,683,generator,diesel_generator,kWh,0.75,512.25
B0044,Pharmacy,2024-05,1337,grid,grid_electricity_NG,kWh,0.508,679.196
B0044,Pharmacy,2024-05,428,generator,diesel_generator,kWh,0.75,321.0
B0044,Pharmacy,2024-06,1674,grid,grid_electricity_NG,kWh,0.508,850.392
B0044,Pharmacy,2024-06,282,generator,diesel_generator,kWh,0.75,211.5
B0044,Pharmacy,2024-07,1044,grid,grid_electricity_NG,kWh,0.508,530.352
B0044,Pharmacy,2024-07,147,generator,diesel_generator,kWh,0.75,110.25
B0044,Pharmacy,2024-08,1927,grid,grid_electricity_NG,kWh,0.508,978.916
B0044,Pharmacy,2024-08,643,generator,diesel_generator,kWh,0.75,482.25
B0044,Pharmacy,2024-09,1177,grid,grid_electricity_NG,kWh,0.508,597.916
B0044,Pharmacy,2024-09,293,generator,diesel_generator,kWh,0.75,219.75
B0044,Pharmacy,2024-10,1559,grid,grid_electricity_NG,kWh,0.508,791.972
B0044,Pharmacy,2024-10,387,generator,diesel_generator,kWh,0.75,290.25
B0044,Pharmacy,2024-11,1910,grid,grid_electricity_NG,kWh,0.508,970.28
B0044,Pharmacy,2024-11,727,generator,diesel_generator,kWh,0.75,545.25
B0044,Pharmacy,2024-12,1365,grid,grid_electricity_NG,kWh,0.508,693.42
B0044,Pharmacy,2024-12,172,generator,diesel_generator,kWh,0.75,129.0
B0045,Pharmacy,2024-01,849,grid,grid_electricity_NG,kWh,0.508,431.29200000000003
B0045,Pharmacy,2024-01,281,generator,diesel_generator,kWh,0.75,210.75
B0045,Pharmacy,2024-02,1919,grid,grid_electricity_NG,kWh,0.508,974.852
B0045,Pharmacy,2024-02,737,generator,diesel_generator,kWh,0.75,552.75
B0045,Pharmacy,2024-03,1243,grid,grid_electricity_NG,kWh,0.508,631.444
B0045,Pharmacy,2024-03,261,generator,diesel_generator,kWh,0.75,195.75
B0045,Pharmacy,2024-04,1726,grid,grid_electricity_NG,kWh,0.508,876.808
B0045,Pharmacy,2024-04,563,generator,diesel_generator,kWh,0.75,422.25
B0045,Pharmacy,2024-05,843,grid,grid_electricity_NG,kWh,0.508,428.244
B0045,Pharmacy,2024-05,169,generator,diesel_generator,kWh,0.75,126.75
B0045,Pharmacy,2024-06,1747,grid,grid_electricity_NG,kWh,0.508,887.476
B0045,Pharmacy,2024-06,544,generator,diesel_generator,kWh,0.75,408.0
B0045,Pharmacy,2024-07,1171,grid,grid_electricity_NG,kWh,0.508,594.868
B0045,Pharmacy,2024-07,178,generator,diesel_generator,kWh,0.75,133.5
B0045,Pharmacy,2024-08,999,grid,grid_electricity_NG,kWh,0.508,507.492
B0045,Pharmacy,2024-08,250,generator,diesel_generator,kWh,0.75,187.5
B0045,Pharmacy,2024-09,1270,grid,grid_electricity_NG,kWh,0.508,645.16
B0045,Pharmacy,2024-09,475,generator,diesel_generator,kWh,0.75,356.25
B0045,Pharmacy,2024-10,950,grid,grid_electricity_NG,kWh,0.508,482.6
B0045,Pharmacy,2024-10,297,generator,diesel_generator,kWh,0.75,222.75
B0045,Pharmacy,2024-11,933,grid,grid_electricity_NG,kWh,0.508,473.964
B0045,Pharmacy,2024-11,136,generator,diesel_generator,kWh,0.75,102.0
B0045,Pharmacy,2024-12,1933,grid,grid_electricity_NG,kWh,0.508,981.964
B0045,Pharmacy,2024-12,238,generator,diesel_generator,kWh,0.75,178.5
B0046,Pharmacy,2024-01,1249,grid,grid_electricity_NG,kWh,0.508,634.492
B0046,Pharmacy,2024-01,150,generator,diesel_generator,kWh,0.75,112.5
B0046,Pharmacy,2024-02,1137,grid,grid_electricity_NG,kWh,0.508,577.596
B0046,Pharmacy,2024-02,314,generator,diesel_generator,kWh,0.75,235.5
B0046,Pharmacy,2024-03,1620,grid,grid_electricity_NG,kWh,0.508,822.96
B0046,Pharmacy,2024-03,638,generator,diesel_generator,kWh,0.75,478.5
B0046,Pharmacy,2024-04,1914,grid,grid_electricity_NG,kWh,0.508,972.312
B0046,Pharmacy,2024-04,460,generator,diesel_generator,kWh,0.75,345.0
B0046,Pharmacy,2024-05,1009,grid,grid_electricity_NG,kWh,0.508,512.572
B0046,Pharmacy,2024-05,153,generator,diesel_generator,kWh,0.75,114.75
B0046,Pharmacy,2024-06,881,grid,grid_electricity_NG,kWh,0.508,447.548
B0046,Pharmacy,2024-06,96,generator,diesel_generator,kWh,0.75,72.0
B0046,Pharmacy,2024-07,1110,grid,grid_electricity_NG,kWh,0.508,563.88
B0046,Pharmacy,2024-07,185,generator,diesel_generator,kWh,0.75,138.75
B0046,Pharmacy,2024-08,1596,grid,grid_electricity_NG,kWh,0.508,810.768
B0046,Pharmacy,2024-08,595,generator,diesel_generator,kWh,0.75,446.25
B0046,Pharmacy,2024-09,1271,grid,grid_electricity_NG,kWh,0.508,645.668
B0046,Pharmacy,2024-09,209,generator,diesel_generator,kWh,0.75,156.75
B0046,Pharmacy,2024-10,1055,grid,grid_electricity_NG,kWh,0.508,535.94
B0046,Pharmacy,2024-10,201,generator,diesel_generator,kWh,0.75,150.75
B0046,Pharmacy,2024-11,1320,grid,grid_electricity_NG,kWh,0.508,670.5600000000001
B0046,Pharmacy,2024-11,468,generator,diesel_generator,kWh,0.75,351.0
B0046,Pharmacy,2024-12,873,grid,grid_electricity_NG,kWh,0.508,443.484
B0046,Pharmacy,2024-12,276,generator,diesel_generator,kWh,0.75,207.0
B0047,Pharmacy,2024-01,1725,grid,grid_electricity_NG,kWh,0.508,876.3000000000001
B0047,Pharmacy,2024-01,270,generator,diesel_generator,kWh,0.75,202.5
B0047,Pharmacy,2024-02,1639,grid,grid_electricity_NG,kWh,0.508,832.612
B0047,Pharmacy,2024-02,402,generator,diesel_generator,kWh,0.75,301.5
B0047,Pharmacy,2024-03,1358,grid,grid_electricity_NG,kWh,0.508,689.864
B0047,Pharmacy,2024-03,347,generator,diesel_generator,kWh,0.75,260.25
B0047,Pharmacy,2024-04,1967,grid,grid_electricity_NG,kWh,0.508,999.236
B0047,Pharmacy,2024-04,768,generator,diesel_generator,kWh,0.75,576.0
B0047,Pharmacy,2024-05,1888,grid,grid_electricity_NG,kWh,0.508,959.104
B0047,Pharmacy,2024-05,699,generator,diesel_generator,kWh,0.75,524.25
B0047,Pharmacy,2024-06,1170,grid,grid_electricity_NG,kWh,0.508,594.36
B0047,Pharmacy,2024-06,453,generator,diesel_generator,kWh,0.75,339.75
B0047,Pharmacy,2024-07,1545,grid,grid_electricity_NG,kWh,0.508,784.86
B0047,Pharmacy,2024-07,164,generator,diesel_generator,kWh,0.75,123.0
B0047,Pharmacy,2024-08,1933,grid,grid_electricity_NG,kWh,0.508,981.964
B0047,Pharmacy,2024-08,321,generator,diesel_generator,kWh,0.75,240.75
B0047,Pharmacy,2024-09,1883,grid,grid_electricity_NG,kWh,0.508,956.564
B0047,Pharmacy,2024-09,539,generator,diesel_generator,kWh,0.75,404.25
B0047,Pharmacy,2024-10,1283,grid,grid_electricity_NG,kWh,0.508,651.764
B0047,Pharmacy,2024-10,154,generator,diesel_generator,kWh,0.75,115.5
B0047,Pharmacy,2024-11,1689,grid,grid_electricity_NG,kWh,0.508,858.0120000000001
B0047,Pharmacy,2024-11,539,generator,diesel_generator,kWh,0.75,404.25
B0047,Pharmacy,2024-12,1245,grid,grid_electricity_NG,kWh,0.508,632.46
B0047,Pharmacy,2024-12,419,generator,diesel_generator,kWh,0.75,314.25
B0048,Pharmacy,2024-01,1846,grid,grid_electricity_NG,kWh,0.508,937.768
B0048,Pharmacy,2024-01,292,generator,diesel_generator,kWh,0.75,219.0
B0048,Pharmacy,2024-02,1532,grid,grid_electricity_NG,kWh,0.508,778.256
B0048,Pharmacy,2024-02,240,generator,diesel_generator,kWh,0.75,180.0
B0048,Pharmacy,2024-03,1438,grid,grid_electricity_NG,kWh,0.508,730.504
B0048,Pharmacy,2024-03,454,generator,diesel_generator,kWh,0.75,340.5
B0048,Pharmacy,2024-04,926,grid,grid_electricity_NG,kWh,0.508,470.408
B0048,Pharmacy,2024-04,211,generator,diesel_generator,kWh,0.75,158.25
B0048,Pharmacy,2024-05,1328,grid,grid_electricity_NG,kWh,0.508,674.624
B0048,Pharmacy,2024-05,282,generator,diesel_generator,kWh,0.75,211.5
B0048,Pharmacy,2024-06,1462,grid,grid_electricity_NG,kWh,0.508,742.696
B0048,Pharmacy,2024-06,465,generator,diesel_generator,kWh,0.75,348.75
B0048,Pharmacy,2024-07,1003,grid,grid_electricity_NG,kWh,0.508,509.524
B0048,Pharmacy,2024-07,297,generator,diesel_generator,kWh,0.75,222.75
B0048,Pharmacy,2024-08,1797,grid,grid_electricity_NG,kWh,0.508,912.876
B0048,Pharmacy,2024-08,631,generator,diesel_generator,kWh,0.75,473.25
B0048,Pharmacy,2024-09,1552,grid,grid_electricity_NG,kWh,0.508,788.416
B0048,Pharmacy,2024-09,388,generator,diesel_generator,kWh,0.75,291.0
B0048,Pharmacy,2024-10,992,grid,grid_electricity_NG,kWh,0.508,503.93600000000004
B0048,Pharmacy,2024-10,392,generator,diesel_generator,kWh,0.75,294.0
B0048,Pharmacy,2024-11,1289,grid,grid_electricity_NG,kWh,0.508,654.812
B0048,Pharmacy,2024-11,476,generator,diesel_generator,kWh,0.75,357.0
B0048,Pharmacy,2024-12,1480,grid,grid_electricity_NG,kWh,0.508,751.84
B0048,Pharmacy,2024-12,250,generator,diesel_generator,kWh,0.75,187.5
B0049,Pharmacy,2024-01,1924,grid,grid_electricity_NG,kWh,0.508,977.392
B0049,Pharmacy,2024-01,628,generator,diesel_generator,kWh,0.75,471.0
B0049,Pharmacy,2024-02,1200,grid,grid_electricity_NG,kWh,0.508,609.6
B0049,Pharmacy,2024-02,234,generator,diesel_generator,kWh,0.75,175.5
B0049,Pharmacy,2024-03,1088,grid,grid_electricity_NG,kWh,0.508,552.704
B0049,Pharmacy,2024-03,355,generator,diesel_generator,kWh,0.75,266.25
B0049,Pharmacy,2024-04,906,grid,grid_electricity_NG,kWh,0.508,460.248
B0049,Pharmacy,2024-04,133,generator,diesel_generator,kWh,0.75,99.75
B0049,Pharmacy,2024-05,1374,grid,grid_electricity_NG,kWh,0.508,697.992
B0049,Pharmacy,2024-05,359,generator,diesel_generator,kWh,0.75,269.25
B0049,Pharmacy,2024-06,1525,grid,grid_electricity_NG,kWh,0.508,774.7
B0049,Pharmacy,2024-06,325,generator,diesel_generator,kWh,0.75,243.75
B0049,Pharmacy,2024-07,1508,grid,grid_electricity_NG,kWh,0.508,766.064
B0049,Pharmacy,2024-07,565,generator,diesel_generator,kWh,0.75,423.75
B0049,Pharmacy,2024-08,1859,grid,grid_electricity_NG,kWh,0.508,944.372
B0049,Pharmacy,2024-08,261,generator,diesel_generator,kWh,0.75,195.75
B0049,Pharmacy,2024-09,852,grid,grid_electricity_NG,kWh,0.508,432.81600000000003
B0049,Pharmacy,2024-09,296,generator,diesel_generator,kWh,0.75,222.0
B0049,Pharmacy,2024-10,1194,grid,grid_electricity_NG,kWh,0.508,606.552
B0049,Pharmacy,2024-10,291,generator,diesel_generator,kWh,0.75,218.25
B0049,Pharmacy,2024-11,1164,grid,grid_electricity_NG,kWh,0.508,591.312
B0049,Pharmacy,2024-11,306,generator,diesel_generator,kWh,0.75,229.5
B0049,Pharmacy,2024-12,1850,grid,grid_electricity_NG,kWh,0.508,939.8000000000001
B0049,Pharmacy,2024-12,400,generator,diesel_generator,kWh,0.75,300.0
B0050,Pharmacy,2024-01,1993,grid,grid_electricity_NG,kWh,0.508,1012.444
B0050,Pharmacy,2024-01,333,generator,diesel_generator,kWh,0.75,249.75
B0050,Pharmacy,2024-02,1802,grid,grid_electricity_NG,kWh,0.508,915.416
B0050,Pharmacy,2024-02,387,generator,diesel_generator,kWh,0.75,290.25
B0050,Pharmacy,2024-03,821,grid,grid_electricity_NG,kWh,0.508,417.068
B0050,Pharmacy,2024-03,264,generator,diesel_generator,kWh,0.75,198.0
B0050,Pharmacy,2024-04,1417,grid,grid_electricity_NG,kWh,0.508,719.836
B0050,Pharmacy,2024-04,304,generator,diesel_generator,kWh,0.75,228.0
B0050,Pharmacy,2024-05,1127,grid,grid_electricity_NG,kWh,0.508,572.516
B0050,Pharmacy,2024-05,217,generator,diesel_generator,kWh,0.75,162.75
B0050,Pharmacy,2024-06,1205,grid,grid_electricity_NG,kWh,0.508,612.14
B0050,Pharmacy,2024-06,312,generator,diesel_generator,kWh,0.75,234.0
B0050,Pharmacy,2024-07,1633,grid,grid_electricity_NG,kWh,0.508,829.564
B0050,Pharmacy,2024-07,512,generator,diesel_generator,kWh,0.75,384.0
B0050,Pharmacy,2024-08,1045,grid,grid_electricity_NG,kWh,0.508,530.86
B0050,Pharmacy,2024-08,196,generator,diesel_generator,kWh,0.75,147.0
B0050,Pharmacy,2024-09,1311,grid,grid_electricity_NG,kWh,0.508,665.988
B0050,Pharmacy,2024-09,300,generator,diesel_generator,kWh,0.75,225.0
B0050,Pharmacy,2024-10,1589,grid,grid_electricity_NG,kWh,0.508,807.212
B0050,Pharmacy,2024-10,411,generator,diesel_generator,kWh,0.75,308.25
B0050,Pharmacy,2024-11,895,grid,grid_electricity_NG,kWh,0.508,454.66
B0050,Pharmacy,2024-11,236,generator,diesel_generator,kWh,0.75,177.0
B0050,Pharmacy,2024-12,1674,grid,grid_electricity_NG,kWh,0.508,850.392
B0050,Pharmacy,2024-12,291,generator,diesel_generator,kWh,0.75,218.25
B0051,FuelStation,2024-01,11088,grid,grid_electricity_NG,kWh,0.508,5632.704
B0051,FuelStation,2024-01,3074,generator,diesel_generator,kWh,0.75,2305.5
B0051,FuelStation,2024-02,6476,grid,grid_electricity_NG,kWh,0.508,3289.808
B0051,FuelStation,2024-02,1914,generator,diesel_generator,kWh,0.75,1435.5
B0051,FuelStation,2024-03,8155,grid,grid_electricity_NG,kWh,0.508,4142.74
B0051,FuelStation,2024-03,2307,generator,diesel_generator,kWh,0.75,1730.25
B0051,FuelStation,2024-04,9596,grid,grid_electricity_NG,kWh,0.508,4874.768
B0051,FuelStation,2024-04,3040,generator,diesel_generator,kWh,0.75,2280.0
B0051,FuelStation,2024-05,7079,grid,grid_electricity_NG,kWh,0.508,3596.132
B0051,FuelStation,2024-05,2332,generator,diesel_generator,kWh,0.75,1749.0
B0051,FuelStation,2024-06,6330,grid,grid_electricity_NG,kWh,0.508,3215.64
B0051,FuelStation,2024-06,1031,generator,diesel_generator,kWh,0.75,773.25
B0051,FuelStation,2024-07,11129,grid,grid_electricity_NG,kWh,0.508,5653.532
B0051,FuelStation,2024-07,3987,generator,diesel_generator,kWh,0.75,2990.25
B0051,FuelStation,2024-08,7726,grid,grid_electricity_NG,kWh,0.508,3924.808
B0051,FuelStation,2024-08,2174,generator,diesel_generator,kWh,0.75,1630.5
B0051,FuelStation,2024-09,5634,grid,grid_electricity_NG,kWh,0.508,2862.072
B0051,FuelStation,2024-09,1335,generator,diesel_generator,kWh,0.75,1001.25
B0051,FuelStation,2024-10,11766,grid,grid_electricity_NG,kWh,0.508,5977.128
B0051,FuelStation,2024-10,4433,generator,diesel_generator,kWh,0.75,3324.75
B0051,FuelStation,2024-11,10237,grid,grid_electricity_NG,kWh,0.508,5200.396
B0051,FuelStation,2024-11,3828,generator,diesel_generator,kWh,0.75,2871.0
B0051,FuelStation,2024-12,7727,grid,grid_electricity_NG,kWh,0.508,3925.3160000000003
B0051,FuelStation,2024-12,2246,generator,diesel_generator,kWh,0.75,1684.5
B0052,FuelStation,2024-01,7320,grid,grid_electricity_NG,kWh,0.508,3718.56
B0052,FuelStation,2024-01,1399,generator,diesel_generator,kWh,0.75,1049.25
B0052,FuelStation,2024-02,10494,grid,grid_electricity_NG,kWh,0.508,5330.952
B0052,FuelStation,2024-02,3344,generator,diesel_generator,kWh,0.75,2508.0
B0052,FuelStation,2024-03,8984,grid,grid_electricity_NG,kWh,0.508,4563.872
B0052,FuelStation,2024-03,3216,generator,diesel_generator,kWh,0.75,2412.0
B0052,FuelStation,2024-04,5580,grid,grid_electricity_NG,kWh,0.508,2834.64
B0052,FuelStation,2024-04,1050,generator,diesel_generator,kWh,0.75,787.5
B0052,FuelStation,2024-05,5147,grid,grid_electricity_NG,kWh,0.508,2614.676
B0052,FuelStation,2024-05,1986,generator,diesel_generator,kWh,0.75,1489.5
B0052,FuelStation,2024-06,9918,grid,grid_electricity_NG,kWh,0.508,5038.344
B0052,FuelStation,2024-06,2718,generator,diesel_generator,kWh,0.75,2038.5
B0052,FuelStation,2024-07,6313,grid,grid_electricity_NG,kWh,0.508,3207.004
B0052,FuelStation,2024-07,1376,generator,diesel_generator,kWh,0.75,1032.0
B0052,FuelStation,2024-08,11244,grid,grid_electricity_NG,kWh,0.508,5711.952
B0052,FuelStation,2024-08,3096,generator,diesel_generator,kWh,0.75,2322.0
B0052,FuelStation,2024-09,9344,grid,grid_electricity_NG,kWh,0.508,4746.752
B0052,FuelStation,2024-09,3325,generator,diesel_generator,kWh,0.75,2493.75
B0052,FuelStation,2024-10,10652,grid,grid_electricity_NG,kWh,0.508,5411.216
B0052,FuelStation,2024-10,1882,generator,diesel_generator,kWh,0.75,1411.5
B0052,FuelStation,2024-11,7475,grid,grid_electricity_NG,kWh,0.508,3797.3
B0052,FuelStation,2024-11,2474,generator,diesel_generator,kWh,0.75,1855.5
B0052,FuelStation,2024-12,8722,grid,grid_electricity_NG,kWh,0.508,4430.776
B0052,FuelStation,2024-12,1566,generator,diesel_generator,kWh,0.75,1174.5
B0053,FuelStation,2024-01,11401,grid,grid_electricity_NG,kWh,0.508,5791.708
B0053,FuelStation,2024-01,1583,generator,diesel_generator,kWh,0.75,1187.25
B0053,FuelStation,2024-02,6175,grid,grid_electricity_NG,kWh,0.508,3136.9
B0053,FuelStation,2024-02,1695,generator,diesel_generator,kWh,0.75,1271.25
B0053,FuelStation,2024-03,6065,grid,grid_electricity_NG,kWh,0.508,3081.02
B0053,FuelStation,2024-03,2022,generator,diesel_generator,kWh,0.75,1516.5
B0053,FuelStation,2024-04,8379,grid,grid_electricity_NG,kWh,0.508,4256.532
B0053,FuelStation,2024-04,1462,generator,diesel_generator,kWh,0.75,1096.5
B0053,FuelStation,2024-05,10186,grid,grid_electricity_NG,kWh,0.508,5174.488
B0053,FuelStation,2024-05,1254,generator,diesel_generator,kWh,0.75,940.5
B0053,FuelStation,2024-06,8978,grid,grid_electricity_NG,kWh,0.508,4560.824
B0053,FuelStation,2024-06,2674,generator,diesel_generator,kWh,0.75,2005.5
B0053,FuelStation,2024-07,7825,grid,grid_electricity_NG,kWh,0.508,3975.1
B0053,FuelStation,2024-07,2009,generator,diesel_generator,kWh,0.75,1506.75
B0053,FuelStation,2024-08,9715,grid,grid_electricity_NG,kWh,0.508,4935.22
B0053,FuelStation,2024-08,2144,generator,diesel_generator,kWh,0.75,1608.0
B0053,FuelStation,2024-09,7518,grid,grid_electricity_NG,kWh,0.508,3819.1440000000002
B0053,FuelStation,2024-09,1213,generator,diesel_generator,kWh,0.75,909.75
B0053,FuelStation,2024-10,11849,grid,grid_electricity_NG,kWh,0.508,6019.292
B0053,FuelStation,2024-10,2905,generator,diesel_generator,kWh,0.75,2178.75
B0053,FuelStation,2024-11,9804,grid,grid_electricity_NG,kWh,0.508,4980.432
B0053,FuelStation,2024-11,3049,generator,diesel_generator,kWh,0.75,2286.75
B0053,FuelStation,2024-12,11448,grid,grid_electricity_NG,kWh,0.508,5815.584
B0053,FuelStation,2024-12,1864,generator,diesel_generator,kWh,0.75,1398.0
B0054,FuelStation,2024-01,5947,grid,grid_electricity_NG,kWh,0.508,3021.076
B0054,FuelStation,2024-01,754,generator,diesel_generator,kWh,0.75,565.5
B0054,FuelStation,2024-02,10241,grid,grid_electricity_NG,kWh,0.508,5202.428
B0054,FuelStation,2024-02,3870,generator,diesel_generator,kWh,0.75,2902.5
B0054,FuelStation,2024-03,9793,grid,grid_electricity_NG,kWh,0.508,4974.844
B0054,FuelStation,2024-03,2949,generator,diesel_generator,kWh,0.75,2211.75
B0054,FuelStation,2024-04,9047,grid,grid_electricity_NG,kWh,0.508,4595.876
B0054,FuelStation,2024-04,1531,generator,diesel_generator,kWh,0.75,1148.25
B0054,FuelStation,2024-05,11881,grid,grid_electricity_NG,kWh,0.508,6035.548
B0054,FuelStation,2024-05,4142,generator,diesel_generator,kWh,0.75,3106.5
B0054,FuelStation,2024-06,5929,grid,grid_electricity_NG,kWh,0.508,3011.9320000000002
B0054,FuelStation,2024-06,1643,generator,diesel_generator,kWh,0.75,1232.25
B0054,FuelStation,2024-07,6033,grid,grid_electricity_NG,kWh,0.508,3064.764
B0054,FuelStation,2024-07,1853,generator,diesel_generator,kWh,0.75,1389.75
B0054,FuelStation,2024-08,9807,grid,grid_electricity_NG,kWh,0.508,4981.956
B0054,FuelStation,2024-08,3456,generator,diesel_generator,kWh,0.75,2592.0
B0054,FuelStation,2024-09,7394,grid,grid_electricity_NG,kWh,0.508,3756.152
B0054,FuelStation,2024-09,2085,generator,diesel_generator,kWh,0.75,1563.75
B0054,FuelStation,2024-10,10591,grid,grid_electricity_NG,kWh,0.508,5380.228
B0054,FuelStation,2024-10,1277,generator,diesel_generator,kWh,0.75,957.75
B0054,FuelStation,2024-11,11671,grid,grid_electricity_NG,kWh,0.508,5928.868
B0054,FuelStation,2024-11,1807,generator,diesel_generator,kWh,0.75,1355.25
B0054,FuelStation,2024-12,9745,grid,grid_electricity_NG,kWh,0.508,4950.46
B0054,FuelStation,2024-12,974,generator,diesel_generator,kWh,0.75,730.5
B0055,FuelStation,2024-01,6690,grid,grid_electricity_NG,kWh,0.508,3398.52
B0055,FuelStation,2024-01,2278,generator,diesel_generator,kWh,0.75,1708.5
B0055,FuelStation,2024-02,11944,grid,grid_electricity_NG,kWh,0.508,6067.552
B0055,FuelStation,2024-02,4672,generator,diesel_generator,kWh,0.75,3504.0
B0055,FuelStation,2024-03,8948,grid,grid_electricity_NG,kWh,0.508,4545.584
B0055,FuelStation,2024-03,2212,generator,diesel_generator,kWh,0.75,1659.0
B0055,FuelStation,2024-04,11742,grid,grid_electricity_NG,kWh,0.508,5964.936
B0055,FuelStation,2024-04,2095,generator,diesel_generator,kWh,0.75,1571.25
B0055,FuelStation,2024-05,6592,grid,grid_electricity_NG,kWh,0.508,3348.736
B0055,FuelStation,2024-05,2423,generator,diesel_generator,kWh,0.75,1817.25
B0055,FuelStation,2024-06,10401,grid,grid_electricity_NG,kWh,0.508,5283.708
B0055,FuelStation,2024-06,3123,generator,diesel_generator,kWh,0.75,2342.25
B0055,FuelStation,2024-07,7509,grid,grid_electricity_NG,kWh,0.508,3814.572
B0055,FuelStation,2024-07,1015,generator,diesel_generator,kWh,0.75,761.25
B0055,FuelStation,2024-08,9710,grid,grid_electricity_NG,kWh,0.508,4932.68
B0055,FuelStation,2024-08,3257,generator,diesel_generator,kWh,0.75,2442.75
B0055,FuelStation,2024-09,8580,grid,grid_electricity_NG,kWh,0.508,4358.64
B0055,FuelStation,2024-09,3222,generator,diesel_generator,kWh,0.75,2416.5
B0055,FuelStation,2024-10,11501,grid,grid_electricity_NG,kWh,0.508,5842.508
B0055,FuelStation,2024-10,3290,generator,diesel_generator,kWh,0.75,2467.5
B0055,FuelStation,2024-11,11958,grid,grid_electricity_NG,kWh,0.508,6074.664
B0055,FuelStation,2024-11,1999,generator,diesel_generator,kWh,0.75,1499.25
B0055,FuelStation,2024-12,5079,grid,grid_electricity_NG,kWh,0.508,2580.132
B0055,FuelStation,2024-12,1146,generator,diesel_generator,kWh,0.75,859.5
B0056,FuelStation,2024-01,9122,grid,grid_electricity_NG,kWh,0.508,4633.976
B0056,FuelStation,2024-01,3070,generator,diesel_generator,kWh,0.75,2302.5
B0056,FuelStation,2024-02,6790,grid,grid_electricity_NG,kWh,0.508,3449.32
B0056,FuelStation,2024-02,2219,generator,diesel_generator,kWh,0.75,1664.25
B0056,FuelStation,2024-03,10799,grid,grid_electricity_NG,kWh,0.508,5485.892
B0056,FuelStation,2024-03,2968,generator,diesel_generator,kWh,0.75,2226.0
B0056,FuelStation,2024-04,9282,grid,grid_electricity_NG,kWh,0.508,4715.256
B0056,FuelStation,2024-04,1252,generator,diesel_generator,kWh,0.75,939.0
B0056,FuelStation,2024-05,7765,grid,grid_electricity_NG,kWh,0.508,3944.62
B0056,FuelStation,2024-05,2324,generator,diesel_generator,kWh,0.75,1743.0
B0056,FuelStation,2024-06,5557,grid,grid_electricity_NG,kWh,0.508,2822.956
B0056,FuelStation,2024-06,910,generator,diesel_generator,kWh,0.75,682.5
B0056,FuelStation,2024-07,10401,grid,grid_electricity_NG,kWh,0.508,5283.708
B0056,FuelStation,2024-07,3176,generator,diesel_generator,kWh,0.75,2382.0
B0056,FuelStation,2024-08,10511,grid,grid_electricity_NG,kWh,0.508,5339.588
B0056,FuelStation,2024-08,3236,generator,diesel_generator,kWh,0.75,2427.0
B0056,FuelStation,2024-09,7758,grid,grid_electricity_NG,kWh,0.508,3941.064
B0056,FuelStation,2024-09,982,generator,diesel_generator,kWh,0.75,736.5
B0056,FuelStation,2024-10,8138,grid,grid_electricity_NG,kWh,0.508,4134.104
B0056,FuelStation,2024-10,2187,generator,diesel_generator,kWh,0.75,1640.25
B0056,FuelStation,2024-11,6057,grid,grid_electricity_NG,kWh,0.508,3076.956
B0056,FuelStation,2024-11,2219,generator,diesel_generator,kWh,0.75,1664.25
B0056,FuelStation,2024-12,11927,grid,grid_electricity_NG,kWh,0.508,6058.916
B0056,FuelStation,2024-12,3813,generator,diesel_generator,kWh,0.75,2859.75
B0057,FuelStation,2024-01,7360,grid,grid_electricity_NG,kWh,0.508,3738.88
B0057,FuelStation,2024-01,1027,generator,diesel_generator,kWh,0.75,770.25
B0057,FuelStation,2024-02,9266,grid,grid_electricity_NG,kWh,0.508,4707.128
B0057,FuelStation,2024-02,1535,generator,diesel_generator,kWh,0.75,1151.25
B0057,FuelStation,2024-03,10519,grid,grid_electricity_NG,kWh,0.508,5343.652
B0057,FuelStation,2024-03,1217,generator,diesel_generator,kWh,0.75,912.75
B0057,FuelStation,2024-04,8596,grid,grid_electricity_NG,kWh,0.508,4366.768
B0057,FuelStation,2024-04,2354,generator,diesel_generator,kWh,0.75,1765.5
B0057,FuelStation,2024-05,9116,grid,grid_electricity_NG,kWh,0.508,4630.928
B0057,FuelStation,2024-05,2669,generator,diesel_generator,kWh,0.75,2001.75
B0057,FuelStation,2024-06,6194,grid,grid_electricity_NG,kWh,0.508,3146.552
B0057,FuelStation,2024-06,1304,generator,diesel_generator,kWh,0.75,978.0
B0057,FuelStation,2024-07,7833,grid,grid_electricity_NG,kWh,0.508,3979.164
B0057,FuelStation,2024-07,1378,generator,diesel_generator,kWh,0.75,1033.5
B0057,FuelStation,2024-08,8538,grid,grid_electricity_NG,kWh,0.508,4337.304
B0057,FuelStation,2024-08,2889,generator,diesel_generator,kWh,0.75,2166.75
B0057,FuelStation,2024-09,8612,grid,grid_electricity_NG,kWh,0.508,4374.896
B0057,FuelStation,2024-09,2493,generator,diesel_generator,kWh,0.75,1869.75
B0057,FuelStation,2024-10,7482,grid,grid_electricity_NG,kWh,0.508,3800.856
B0057,FuelStation,2024-10,2410,generator,diesel_generator,kWh,0.75,1807.5
B0057,FuelStation,2024-11,11635,grid,grid_electricity_NG,kWh,0.508,5910.58
B0057,FuelStation,2024-11,4063,generator,diesel_generator,kWh,0.75,3047.25
B0057,FuelStation,2024-12,7069,grid,grid_electricity_NG,kWh,0.508,3591.052
B0057,FuelStation,2024-12,1791,generator,diesel_generator,kWh,0.75,1343.25
B0058,FuelStation,2024-01,11550,grid,grid_electricity_NG,kWh,0.508,5867.4
B0058,FuelStation,2024-01,4352,generator,diesel_generator,kWh,0.75,3264.0
B0058,FuelStation,2024-02,11507,grid,grid_electricity_NG,kWh,0.508,5845.5560000000005
B0058,FuelStation,2024-02,1949,generator,diesel_generator,kWh,0.75,1461.75
B0058,FuelStation,2024-03,5343,grid,grid_electricity_NG,kWh,0.508,2714.244
B0058,FuelStation,2024-03,1002,generator,diesel_generator,kWh,0.75,751.5
B0058,FuelStation,2024-04,11253,grid,grid_electricity_NG,kWh,0.508,5716.524
B0058,FuelStation,2024-04,1572,generator,diesel_generator,kWh,0.75,1179.0
B0058,FuelStation,2024-05,5228,grid,grid_electricity_NG,kWh,0.508,2655.824
B0058,FuelStation,2024-05,634,generator,diesel_generator,kWh,0.75,475.5
B0058,FuelStation,2024-06,7065,grid,grid_electricity_NG,kWh,0.508,3589.02
B0058,FuelStation,2024-06,1731,generator,diesel_generator,kWh,0.75,1298.25
B0058,FuelStation,2024-07,7552,grid,grid_electricity_NG,kWh,0.508,3836.416
B0058,FuelStation,2024-07,1897,generator,diesel_generator,kWh,0.75,1422.75
B0058,FuelStation,2024-08,9671,grid,grid_electricity_NG,kWh,0.508,4912.868
B0058,FuelStation,2024-08,1620,generator,diesel_generator,kWh,0.75,1215.0
B0058,FuelStation,2024-09,11563,grid,grid_electricity_NG,kWh,0.508,5874.004
B0058,FuelStation,2024-09,4539,generator,diesel_generator,kWh,0.75,3404.25
B0058,FuelStation,2024-10,6447,grid,grid_electricity_NG,kWh,0.508,3275.076
B0058,FuelStation,2024-10,1809,generator,diesel_generator,kWh,0.75,1356.75
B0058,FuelStation,2024-11,6517,grid,grid_electricity_NG,kWh,0.508,3310.636
B0058,FuelStation,2024-11,1935,generator,diesel_generator,kWh,0.75,1451.25
B0058,FuelStation,2024-12,6872,grid,grid_electricity_NG,kWh,0.508,3490.976
B0058,FuelStation,2024-12,2619,generator,diesel_generator,kWh,0.75,1964.25
B0059,FuelStation,2024-01,5584,grid,grid_electricity_NG,kWh,0.508,2836.672
B0059,FuelStation,2024-01,1089,generator,diesel_generator,kWh,0.75,816.75
B0059,FuelStation,2024-02,8049,grid,grid_electricity_NG,kWh,0.508,4088.8920000000003
B0059,FuelStation,2024-02,3095,generator,diesel_generator,kWh,0.75,2321.25
B0059,FuelStation,2024-03,5264,grid,grid_electricity_NG,kWh,0.508,2674.112
B0059,FuelStation,2024-03,1412,generator,diesel_generator,kWh,0.75,1059.0
B0059,FuelStation,2024-04,11041,grid,grid_electricity_NG,kWh,0.508,5608.828
B0059,FuelStation,2024-04,2446,generator,diesel_generator,kWh,0.75,1834.5
B0059,FuelStation,2024-05,8600,grid,grid_electricity_NG,kWh,0.508,4368.8
B0059,FuelStation,2024-05,2666,generator,diesel_generator,kWh,0.75,1999.5
B0059,FuelStation,2024-06,8268,grid,grid_electricity_NG,kWh,0.508,4200.144
B0059,FuelStation,2024-06,3180,generator,diesel_generator,kWh,0.75,2385.0
B0059,FuelStation,2024-07,10869,grid,grid_electricity_NG,kWh,0.508,5521.452
B0059,FuelStation,2024-07,4201,generator,diesel_generator,kWh,0.75,3150.75
B0059,FuelStation,2024-08,6625,grid,grid_electricity_NG,kWh,0.508,3365.5
B0059,FuelStation,2024-08,2473,generator,diesel_generator,kWh,0.75,1854.75
B0059,FuelStation,2024-09,7020,grid,grid_electricity_NG,kWh,0.508,3566.16
B0059,FuelStation,2024-09,2775,generator,diesel_generator,kWh,0.75,2081.25
B0059,FuelStation,2024-10,5695,grid,grid_electricity_NG,kWh,0.508,2893.06
B0059,FuelStation,2024-10,1676,generator,diesel_generator,kWh,0.75,1257.0
B0059,FuelStation,2024-11,9282,grid,grid_electricity_NG,kWh,0.508,4715.256
B0059,FuelStation,2024-11,1106,generator,diesel_generator,kWh,0.75,829.5
B0059,FuelStation,2024-12,7797,grid,grid_electricity_NG,kWh,0.508,3960.876
B0059,FuelStation,2024-12,1793,generator,diesel_generator,kWh,0.75,1344.75
B0060,FuelStation,2024-01,6334,grid,grid_electricity_NG,kWh,0.508,3217.672
B0060,FuelStation,2024-01,699,generator,diesel_generator,kWh,0.75,524.25
B0060,FuelStation,2024-02,5623,grid,grid_electricity_NG,kWh,0.508,2856.484
B0060,FuelStation,2024-02,713,generator,diesel_generator,kWh,0.75,534.75
B0060,FuelStation,2024-03,11691,grid,grid_electricity_NG,kWh,0.508,5939.028
B0060,FuelStation,2024-03,4613,generator,diesel_generator,kWh,0.75,3459.75
B0060,FuelStation,2024-04,5321,grid,grid_electricity_NG,kWh,0.508,2703.068
B0060,FuelStation,2024-04,1903,generator,diesel_generator,kWh,0.75,1427.25
B0060,FuelStation,2024-05,5172,grid,grid_electricity_NG,kWh,0.508,2627.376
B0060,FuelStation,2024-05,1475,generator,diesel_generator,kWh,0.75,1106.25
B0060,FuelStation,2024-06,7175,grid,grid_electricity_NG,kWh,0.508,3644.9
B0060,FuelStation,2024-06,1190,generator,diesel_generator,kWh,0.75,892.5
B0060,FuelStation,2024-07,7291,grid,grid_electricity_NG,kWh,0.508,3703.828
B0060,FuelStation,2024-07,1720,generator,diesel_generator,kWh,0.75,1290.0
B0060,FuelStation,2024-08,11007,grid,grid_electricity_NG,kWh,0.508,5591.5560000000005
B0060,FuelStation,2024-08,4170,generator,diesel_generator,kWh,0.75,3127.5
B0060,FuelStation,2024-09,10897,grid,grid_electricity_NG,kWh,0.508,5535.676
B0060,FuelStation,2024-09,1299,generator,diesel_generator,kWh,0.75,974.25
B0060,FuelStation,2024-10,6757,grid,grid_electricity_NG,kWh,0.508,3432.556
B0060,FuelStation,2024-10,2437,generator,diesel_generator,kWh,0.75,1827.75
B0060,FuelStation,2024-11,9127,grid,grid_electricity_NG,kWh,0.508,4636.516
B0060,FuelStation,2024-11,1861,generator,diesel_generator,kWh,0.75,1395.75
B0060,FuelStation,2024-12,9204,grid,grid_electricity_NG,kWh,0.508,4675.6320000000005
B0060,FuelStation,2024-12,1686,generator,diesel_generator,kWh,0.75,1264.5
